timestamp,apparentTemperature,cloudCover,dewPoint,humidity,icon,precipIntensity,precipProbability,pressure,summary,temperature,time,visibility,windBearing,windSpeed
"2017-07-01 00:00:00","57.1","0.06","51.31","0.81","clear-night","0","0","1014.41","Clear","57.1","1498892400","10","291","7.6"
"2017-07-01 01:00:00","56.7","0.07","51.28","0.82","clear-night","0","0","1014.14","Clear","56.7","1498896000","9.85","281","6.44"
"2017-07-01 02:00:00","55.88","0.05","51.54","0.85","clear-night","0","0","1014.01","Clear","55.88","1498899600","9.87","251","11.93"
"2017-07-01 03:00:00","56.56","0.03","51.83","0.84","clear-night","0","0","1013.68","Clear","56.56","1498903200","9.89","261","9.77"
"2017-07-01 04:00:00","56.21","0.03","51.55","0.84","clear-night","0","0","1013.53","Clear","56.21","1498906800","9.88","249","7.95"
"2017-07-01 05:00:00","55.6","0.11","51.02","0.85","clear-night","0","0","1013.73","Clear","55.6","1498910400","9.95","257","8.21"
"2017-07-01 06:00:00","55.31","0.09","50.66","0.84","clear-day","0","0","1013.96","Clear","55.31","1498914000","9.81","251","7.08"
"2017-07-01 07:00:00","56.01","0.16","51.35","0.84","clear-day","0","0","1014.04","Clear","56.01","1498917600","9.83","220","4.63"
"2017-07-01 08:00:00","57.87","0.13","50.83","0.77","clear-day","0","0","1014.06","Clear","57.87","1498921200","9.92","256","7.69"
"2017-07-01 09:00:00","59.55","0.13","50.42","0.72","clear-day","0","0","1013.98","Clear","59.55","1498924800","9.92","269","6.01"
"2017-07-01 10:00:00","61.25","0.15","50.47","0.68","clear-day","0","0","1013.81","Clear","61.25","1498928400","9.96","262","6.29"
"2017-07-01 11:00:00","63.26","0.14","50.55","0.63","clear-day","0","0","1013.73","Clear","63.26","1498932000","9.95","250","9.26"
"2017-07-01 12:00:00","65.87","0.16","51.68","0.6","clear-day","0","0","1013.39","Clear","65.87","1498935600","10","318","6.01"
"2017-07-01 13:00:00","67.04","0.16","51.8","0.58","clear-day","0","0","1013.07","Clear","67.04","1498939200","10","322","8.58"
"2017-07-01 14:00:00","68.46","0.16","52.65","0.57","clear-day","0","0","1012.5","Clear","68.46","1498942800","10","314","8.18"
"2017-07-01 15:00:00","69.56","0.16","53.28","0.56","clear-day","0","0","1012.06","Clear","69.56","1498946400","10","313","10.32"
"2017-07-01 16:00:00","69.88","0.16","53.63","0.56","clear-day","0","0","1011.36","Clear","69.88","1498950000","10","315","11.76"
"2017-07-01 17:00:00","69.5","0.1","54.02","0.58","clear-day","0","0","1011.04","Clear","69.5","1498953600","10","313","11.33"
"2017-07-01 18:00:00","68.21","0.1","54","0.6","clear-day","0","0","1010.85","Clear","68.21","1498957200","10","314","11.02"
"2017-07-01 19:00:00","65.89","0.1","53.69","0.65","clear-day","0","0","1011.03","Clear","65.89","1498960800","10","319","10.26"
"2017-07-01 20:00:00","62.69","0.1","53.5","0.72","clear-day","0","0","1011.36","Clear","62.69","1498964400","9.74","317","9.21"
"2017-07-01 21:00:00","60.23","0.07","53.61","0.79","clear-night","0","0","1011.59","Clear","60.23","1498968000","9.91","312","7.86"
"2017-07-01 22:00:00","59.22","0.07","52.4","0.78","clear-night","0","0","1011.98","Clear","59.22","1498971600","9.78","306","5.79"
"2017-07-01 23:00:00","58.06","0.09","52.35","0.81","clear-night","0","0","1012.11","Clear","58.06","1498975200","9.9","301","3.56"
"2017-07-02 00:00:00","57.88","0.09","52.16","0.81","clear-night","0","0","1012.25","Clear","57.88","1498978800","9.82","299","3.58"
"2017-07-02 01:00:00","57.07","0.19","52.43","0.84","clear-night","0","0","1012.21","Clear","57.07","1498982400","9.88","306","3.14"
"2017-07-02 02:00:00","56.79","0","52.95","0.87","clear-night","0","0","1012.05","Clear","56.79","1498986000","9.88","300","2.44"
"2017-07-02 03:00:00","56.63","0","52.86","0.87","clear-night","0","0","1011.9","Clear","56.63","1498989600","9.88","296","1.8"
"2017-07-02 04:00:00","57.12","0.27","52.71","0.85","partly-cloudy-night","0","0","1011.89","Partly Cloudy","57.12","1498993200","9.88","204","1.03"
"2017-07-02 05:00:00","56.87","0.08","51.97","0.84","clear-night","0","0","1012.22","Clear","56.87","1498996800","9.95","225","0.23"
"2017-07-02 06:00:00","56.7","0.31","51.13","0.82","partly-cloudy-day","0","0","1012.72","Partly Cloudy","56.7","1499000400","9.88","148","2.49"
"2017-07-02 07:00:00","57.24","0.19","52.52","0.84","clear-day","0","0","1013.19","Clear","57.24","1499004000","9.87","143","3.93"
"2017-07-02 08:00:00","59.67","0.28","52.51","0.77","partly-cloudy-day","0","0","1013.66","Partly Cloudy","59.67","1499007600","9.91","130","4.6"
"2017-07-02 09:00:00","61.58","0.16","52.94","0.73","clear-day","0","0","1013.93","Clear","61.58","1499011200","10","146","4.45"
"2017-07-02 10:00:00","64.07","0.16","52.91","0.67","clear-day","0","0","1013.78","Clear","64.07","1499014800","10","77","2.13"
"2017-07-02 11:00:00","67.46","0.08","52.52","0.59","clear-day","0","0","1013.79","Clear","67.46","1499018400","10","105","1.14"
"2017-07-02 12:00:00","70.94","0.08","52.62","0.52","clear-day","0","0","1013.9","Clear","70.94","1499022000","10","300","2.43"
"2017-07-02 13:00:00","72.11","0.08","53.61","0.52","clear-day","0","0","1013.97","Clear","72.11","1499025600","10","314","8.94"
"2017-07-02 14:00:00","73.19","0.03","56.12","0.55","clear-day","0","0","1013.87","Clear","73.19","1499029200","10","315","12.84"
"2017-07-02 15:00:00","72.29","0.03","55.94","0.56","clear-day","0","0","1014.06","Clear","72.29","1499032800","10","317","13.72"
"2017-07-02 16:00:00","70.89","0.03","56.02","0.59","clear-day","0","0","1013.99","Clear","70.89","1499036400","10","322","12.94"
"2017-07-02 17:00:00","71.28","0.03","55.92","0.58","clear-day","0","0","1013.83","Clear","71.28","1499040000","10","325","11.9"
"2017-07-02 18:00:00","69.91","0.1","55.78","0.61","clear-day","0","0","1013.87","Clear","69.91","1499043600","10","323","13.02"
"2017-07-02 19:00:00","67.12","0.1","55.74","0.67","clear-day","0","0","1014.33","Clear","67.12","1499047200","10","319","12.08"
"2017-07-02 20:00:00","64.63","0.1","55.49","0.72","clear-day","0","0","1014.7","Clear","64.63","1499050800","10","321","10"
"2017-07-02 21:00:00","62.44","0.07","55.08","0.77","clear-night","0","0","1014.87","Clear","62.44","1499054400","10","324","7.94"
"2017-07-02 22:00:00","60.51","0.08","54.07","0.79","clear-night","0","0","1015.33","Clear","60.51","1499058000","10","326","5.53"
"2017-07-02 23:00:00","59.42","0.04","54.45","0.84","clear-night","0","0","1015.56","Clear","59.42","1499061600","10","322","3.75"
"2017-07-03 00:00:00","59.05","0.04","54.07","0.84","clear-night","0","0","1015.55","Clear","59.05","1499065200","10","327","4.09"
"2017-07-03 01:00:00","58.35","0.2","54.02","0.86","clear-night","0","0","1015.54","Clear","58.35","1499068800","10","325","3.84"
"2017-07-03 02:00:00","57.85","0.24","53.95","0.87","clear-night","0","0","1015.34","Clear","57.85","1499072400","10","315","2.78"
"2017-07-03 03:00:00","57.52","0.07","53.92","0.88","clear-night","0","0","1015","Clear","57.52","1499076000","10","331","3.25"
"2017-07-03 04:00:00","57.32","0","53.78","0.88","clear-night","0","0","1014.85","Clear","57.32","1499079600","10","325","2.39"
"2017-07-03 05:00:00","57.15","0.29","53.73","0.88","partly-cloudy-night","0","0","1014.86","Partly Cloudy","57.15","1499083200","10","338","1.83"
"2017-07-03 06:00:00","57.55","0.07","53.94","0.88","clear-day","0","0","1015.06","Clear","57.55","1499086800","10","339","1.69"
"2017-07-03 07:00:00","58.53","0.25","54.91","0.88","partly-cloudy-day","0","0","1015.58","Partly Cloudy","58.53","1499090400","9.57","306","2.81"
"2017-07-03 08:00:00","60.48","0.29","54.26","0.8","partly-cloudy-day","0","0","1016.14","Partly Cloudy","60.48","1499094000","9.61","356","4.23"
"2017-07-03 09:00:00","62.48","0.1","54.73","0.76","clear-day","0","0","1016.74","Clear","62.48","1499097600","10","317","2.92"
"2017-07-03 10:00:00","64.44","0.16","55.16","0.72","clear-day","0","0","1016.82","Clear","64.44","1499101200","10","3","3.63"
"2017-07-03 11:00:00","67.16","0.1","55.77","0.67","clear-day","0","0","1016.94","Clear","67.16","1499104800","10","338","5.98"
"2017-07-03 12:00:00","70.7","0.01","56.47","0.61","clear-day","0","0","1016.92","Clear","70.7","1499108400","10","348","7.24"
"2017-07-03 13:00:00","71.91","0.02","55.27","0.56","clear-day","0","0","1016.67","Clear","71.91","1499112000","10","330","8.48"
"2017-07-03 14:00:00","74.61","0.01","56.76","0.54","clear-day","0","0","1016.44","Clear","74.61","1499115600","10","328","11.13"
"2017-07-03 15:00:00","75.2","0.04","55.01","0.5","clear-day","0","0","1016.27","Clear","75.2","1499119200","10","329","10.71"
"2017-07-03 16:00:00","74.1","0.03","56.65","0.55","clear-day","0","0","1015.86","Clear","74.1","1499122800","10","333","12.19"
"2017-07-03 17:00:00","73.16","0.03","56.99","0.57","clear-day","0","0","1015.29","Clear","73.16","1499126400","10","326","14.36"
"2017-07-03 18:00:00","70.62","0.03","57.18","0.63","clear-day","0","0","1015.03","Clear","70.62","1499130000","10","324","13.43"
"2017-07-03 19:00:00","67.12","0","56.33","0.68","clear-day","0","0","1015.15","Clear","67.12","1499133600","10","322","13.5"
"2017-07-03 20:00:00","64.09","0","55.81","0.74","clear-day","0","0","1015.46","Clear","64.09","1499137200","10","321","10.8"
"2017-07-03 21:00:00","61.05","0","55.86","0.83","clear-night","0","0","1015.62","Clear","61.05","1499140800","10","324","8.83"
"2017-07-03 22:00:00","60.22","0","55","0.83","clear-night","0","0","1016.05","Clear","60.22","1499144400","10","327","7.57"
"2017-07-03 23:00:00","59.51","0.17","55.02","0.85","clear-night","0","0","1016.09","Clear","59.51","1499148000","10","322","6"
"2017-07-04 00:00:00","59.02","0","55.12","0.87","clear-night","0","0","1016.07","Clear","59.02","1499151600","10","329","5.14"
"2017-07-04 01:00:00","59.08","0","55.18","0.87","clear-night","0","0","1016.03","Clear","59.08","1499155200","10","343","2.57"
"2017-07-04 02:00:00","59.1","0","55.41","0.88","clear-night","0","0","1015.75","Clear","59.1","1499158800","10","335","2.57"
"2017-07-04 03:00:00","59.66","0","55.29","0.85","clear-night","0","0","1015.37","Clear","59.66","1499162400","9.92","295","3.53"
"2017-07-04 04:00:00","59.5","0","55.34","0.86","clear-night","0","0","1015.27","Clear","59.5","1499166000","9.86","299","4.11"
"2017-07-04 05:00:00","59.17","0.55","54.91","0.86","partly-cloudy-night","0","0","1015.47","Partly Cloudy","59.17","1499169600","9.94","295","4.42"
"2017-07-04 06:00:00","59.38","","54.45","0.84","clear-day","0","0","1015.59","Clear","59.38","1499173200","9.63","182","1.11"
"2017-07-04 07:00:00","59.73","0","55.79","0.87","clear-day","0","0","1016.02","Clear","59.73","1499176800","8.67","107","1.21"
"2017-07-04 08:00:00","61.65","0","55.79","0.81","clear-day","0","0","1016.44","Clear","61.65","1499180400","8.88","318","1.42"
"2017-07-04 09:00:00","63.07","0","55.43","0.76","clear-day","0","0","1016.83","Clear","63.07","1499184000","9.09","310","2.67"
"2017-07-04 10:00:00","65.15","0","54.62","0.69","clear-day","0","0","1016.72","Clear","65.15","1499187600","9.6","339","5.36"
"2017-07-04 11:00:00","66.5","0.03","56","0.69","clear-day","0","0","1016.66","Clear","66.5","1499191200","9.61","348","7.62"
"2017-07-04 12:00:00","68.97","0","56.43","0.64","clear-day","0","0","1016.46","Clear","68.97","1499194800","10","338","8.89"
"2017-07-04 13:00:00","70.32","0","56.38","0.61","clear-day","0","0","1016.05","Clear","70.32","1499198400","10","336","10.76"
"2017-07-04 14:00:00","71.63","0","56.62","0.59","clear-day","0","0","1015.63","Clear","71.63","1499202000","10","330","10.31"
"2017-07-04 15:00:00","73.1","0","56.57","0.56","clear-day","0","0","1015.15","Clear","73.1","1499205600","10","323","10.36"
"2017-07-04 16:00:00","73.08","0","56.29","0.56","clear-day","0","0","1014.89","Clear","73.08","1499209200","10","310","12.8"
"2017-07-04 17:00:00","71.21","0.02","55.55","0.58","clear-day","0","0","1014.68","Clear","71.21","1499212800","10","307","13.07"
"2017-07-04 18:00:00","69.6","0","56.82","0.64","clear-day","0","0","1014.6","Clear","69.6","1499216400","10","320","13.96"
"2017-07-04 19:00:00","67.72","0","56.1","0.66","clear-day","0","0","1014.76","Clear","67.72","1499220000","10","322","11.96"
"2017-07-04 20:00:00","65.07","0.1","57.05","0.75","clear-day","0","0","1014.99","Clear","65.07","1499223600","10","321","10.18"
"2017-07-04 21:00:00","61.95","0.1","56.84","0.83","clear-night","0","0","1015.27","Clear","61.95","1499227200","10","319","9.01"
"2017-07-04 22:00:00","60.38","0.08","55.96","0.85","clear-night","0","0","1015.85","Clear","60.38","1499230800","9.69","310","7.12"
"2017-07-04 23:00:00","59.12","0.29","55.37","0.87","partly-cloudy-night","0","0","1016.26","Partly Cloudy","59.12","1499234400","9.57","303","6.34"
"2017-07-05 00:00:00","58.89","0.25","55.24","0.88","partly-cloudy-night","0","0","1016.35","Partly Cloudy","58.89","1499238000","9.87","303","6.11"
"2017-07-05 01:00:00","58.48","0.17","55.01","0.88","clear-night","0","0","1016.41","Clear","58.48","1499241600","9.61","311","6.83"
"2017-07-05 02:00:00","58.4","0.17","54.02","0.85","clear-night","0","0","1016.29","Clear","58.4","1499245200","8.9","331","5.4"
"2017-07-05 03:00:00","58.28","0","54.47","0.87","clear-night","0","0","1016.21","Clear","58.28","1499248800","9.13","314","5.14"
"2017-07-05 04:00:00","58.08","0.31","53.67","0.85","partly-cloudy-night","0","0","1016.15","Partly Cloudy","58.08","1499252400","9.66","329","5.32"
"2017-07-05 05:00:00","57.95","0.69","53.71","0.86","partly-cloudy-night","0","0","1016.37","Mostly Cloudy","57.95","1499256000","9.81","336","3.35"
"2017-07-05 06:00:00","58.08","0.31","53.67","0.85","partly-cloudy-day","0","0","1016.97","Partly Cloudy","58.08","1499259600","8.92","313","3.04"
"2017-07-05 07:00:00","58.39","0","54.4","0.87","clear-day","0","0","1017.28","Clear","58.39","1499263200","8.77","315","4.68"
"2017-07-05 08:00:00","59.53","0.12","54.27","0.83","clear-day","0","0","1017.7","Clear","59.53","1499266800","9.31","296","4.92"
"2017-07-05 09:00:00","60.27","0.19","53.79","0.79","clear-day","0","0","1017.92","Clear","60.27","1499270400","9.03","319","4.18"
"2017-07-05 10:00:00","62.55","0.29","53.4","0.72","partly-cloudy-day","0","0","1017.97","Partly Cloudy","62.55","1499274000","9.71","354","3.5"
"2017-07-05 11:00:00","65","0.13","55.74","0.72","clear-day","0","0","1017.76","Clear","65","1499277600","10","328","8.71"
"2017-07-05 12:00:00","66.27","0.16","55.2","0.68","clear-day","0","0","1017.81","Clear","66.27","1499281200","10","334","8.45"
"2017-07-05 13:00:00","66.61","0.15","55.66","0.68","clear-day","0","0","1017.8","Clear","66.61","1499284800","10","320","8.59"
"2017-07-05 14:00:00","69.18","0.15","55.57","0.62","clear-day","0","0","1017.65","Clear","69.18","1499288400","10","329","10.49"
"2017-07-05 15:00:00","70.5","0.18","55.7","0.59","clear-day","0","0","1017.44","Clear","70.5","1499292000","10","324","11.41"
"2017-07-05 16:00:00","71.4","0.18","55.74","0.58","clear-day","0","0","1017.27","Clear","71.4","1499295600","10","322","10.8"
"2017-07-05 17:00:00","71.43","0.07","55.65","0.58","clear-day","0","0","1016.76","Clear","71.43","1499299200","10","313","11.39"
"2017-07-05 18:00:00","70.91","0.03","55.23","0.58","clear-day","0","0","1016.23","Clear","70.91","1499302800","10","317","10.27"
"2017-07-05 19:00:00","68.74","0.03","55.95","0.64","clear-day","0","0","1016.32","Clear","68.74","1499306400","10","314","10.29"
"2017-07-05 20:00:00","66.04","0.03","55.68","0.69","clear-day","0","0","1016.69","Clear","66.04","1499310000","10","311","9.5"
"2017-07-05 21:00:00","62.64","0.07","55.72","0.78","clear-night","0","0","1017.18","Clear","62.64","1499313600","10","312","8.15"
"2017-07-05 22:00:00","61.24","0.08","54.83","0.79","clear-night","0","0","1017.74","Clear","61.24","1499317200","10","310","8.04"
"2017-07-05 23:00:00","59.88","0.02","54.35","0.82","clear-night","0","0","1018.3","Clear","59.88","1499320800","10","310","7.32"
"2017-07-06 00:00:00","58.97","0.09","54.66","0.86","clear-night","0","0","1018.43","Clear","58.97","1499324400","10","305","6.32"
"2017-07-06 01:00:00","58.42","0.04","54.3","0.86","clear-night","0","0","1018.19","Clear","58.42","1499328000","10","306","5.72"
"2017-07-06 02:00:00","58.4","0.09","53.9","0.85","clear-night","0","0","1018.05","Clear","58.4","1499331600","10","324","4.68"
"2017-07-06 03:00:00","58.23","0.13","54.09","0.86","clear-night","0","0","1017.92","Clear","58.23","1499335200","10","319","3.68"
"2017-07-06 04:00:00","57.81","0.23","53.47","0.85","clear-night","0","0","1017.63","Clear","57.81","1499338800","10","349","2.87"
"2017-07-06 05:00:00","57.71","0.2","53.88","0.87","clear-night","0","0","1017.72","Clear","57.71","1499342400","10","322","2.37"
"2017-07-06 06:00:00","57.63","0.08","53.38","0.86","clear-day","0","0","1017.99","Clear","57.63","1499346000","9.87","322","3.12"
"2017-07-06 07:00:00","58.77","0.12","54.6","0.86","clear-day","0","0","1018.47","Clear","58.77","1499349600","10","292","3.43"
"2017-07-06 08:00:00","61.56","0.12","54.83","0.79","clear-day","0","0","1018.66","Clear","61.56","1499353200","10","298","2.39"
"2017-07-06 09:00:00","63.79","0.1","55.63","0.75","clear-day","0","0","1018.82","Clear","63.79","1499356800","10","338","2.32"
"2017-07-06 10:00:00","66.68","0.02","55.82","0.68","clear-day","0","0","1018.76","Clear","66.68","1499360400","10","336","4.4"
"2017-07-06 11:00:00","68.77","0.02","55.98","0.64","clear-day","0","0","1018.83","Clear","68.77","1499364000","10","322","7.31"
"2017-07-06 12:00:00","72.35","0.02","57.06","0.59","clear-day","0","0","1018.67","Clear","72.35","1499367600","10","327","9.62"
"2017-07-06 13:00:00","73.45","0.02","55.09","0.53","clear-day","0","0","1018.33","Clear","73.45","1499371200","10","323","9.44"
"2017-07-06 14:00:00","75.08","0.02","53.12","0.46","clear-day","0","0","1017.87","Clear","75.08","1499374800","10","320","9.65"
"2017-07-06 15:00:00","78.07","0.02","51.01","0.39","clear-day","0","0","1017.27","Clear","78.07","1499378400","10","326","9.03"
"2017-07-06 16:00:00","79.1","0.02","49.26","0.35","clear-day","0","0","1016.71","Clear","79.1","1499382000","10","323","9.46"
"2017-07-06 17:00:00","78","0.02","50.83","0.39","clear-day","0","0","1016.47","Clear","78","1499385600","10","323","10.99"
"2017-07-06 18:00:00","76.39","0.02","49.2","0.38","clear-day","0","0","1016.17","Clear","76.39","1499389200","10","305","9.51"
"2017-07-06 19:00:00","74.43","0.02","50.82","0.44","clear-day","0","0","1016.35","Clear","74.43","1499392800","10","306","9.91"
"2017-07-06 20:00:00","71.33","0.02","50.31","0.47","clear-day","0","0","1016.84","Clear","71.33","1499396400","10","314","9.64"
"2017-07-06 21:00:00","67.93","0.02","51.24","0.55","clear-night","0","0","1017.33","Clear","67.93","1499400000","10","315","7.74"
"2017-07-06 22:00:00","65.71","0","52.22","0.62","clear-night","0","0","1017.76","Clear","65.71","1499403600","10","322","5.21"
"2017-07-06 23:00:00","64.1","0","52.95","0.67","clear-night","0","0","1017.85","Clear","64.1","1499407200","10","322","5.36"
"2017-07-07 00:00:00","62.87","0","53.28","0.71","clear-night","0","0","1017.89","Clear","62.87","1499410800","10","318","3.6"
"2017-07-07 01:00:00","62.27","0","54.14","0.75","clear-night","0","0","1017.6","Clear","62.27","1499414400","10","272","3.12"
"2017-07-07 02:00:00","62.52","0","53.39","0.72","clear-night","0","0","1017.1","Clear","62.52","1499418000","10","275","4.37"
"2017-07-07 03:00:00","61.52","0","53.66","0.75","clear-night","0","0","1017.09","Clear","61.52","1499421600","10","294","3.87"
"2017-07-07 04:00:00","60.74","0","53.9","0.78","clear-night","0","0","1016.89","Clear","60.74","1499425200","10","316","2.17"
"2017-07-07 05:00:00","59.87","0","54.69","0.83","clear-night","0","0","1016.85","Clear","59.87","1499428800","10","347","1.89"
"2017-07-07 06:00:00","60.39","0.09","54.74","0.82","clear-day","0","0","1016.91","Clear","60.39","1499432400","10","291","2.62"
"2017-07-07 07:00:00","61.86","0.08","54.6","0.77","clear-day","0","0","1017.15","Clear","61.86","1499436000","10","314","2.53"
"2017-07-07 08:00:00","64.74","0.1","54.61","0.7","clear-day","0","0","1017.27","Clear","64.74","1499439600","10","332","3.31"
"2017-07-07 09:00:00","67.5","0.02","55.61","0.66","clear-day","0","0","1017.36","Clear","67.5","1499443200","10","333","3.72"
"2017-07-07 10:00:00","71.11","0.02","56.25","0.59","clear-day","0","0","1016.92","Clear","71.11","1499446800","10","350","2.86"
"2017-07-07 11:00:00","75.09","0","52.77","0.46","clear-day","0","0","1016.47","Clear","75.09","1499450400","10","332","3.86"
"2017-07-07 12:00:00","79.17","0.05","50.32","0.37","clear-day","0","0","1016.24","Clear","79.17","1499454000","10","321","3.28"
"2017-07-07 13:00:00","84.19","0","50.65","0.31","clear-day","0","0","1015.72","Clear","84.19","1499457600","10","325","6.48"
"2017-07-07 14:00:00","84.41","0","49.85","0.3","clear-day","0","0","1015.19","Clear","84.41","1499461200","10","323","9.36"
"2017-07-07 15:00:00","83.69","0.02","50.49","0.32","clear-day","0","0","1014.63","Clear","83.69","1499464800","10","320","11.15"
"2017-07-07 16:00:00","84.52","0.02","49.5","0.3","clear-day","0","0","1014.09","Clear","84.52","1499468400","10","318","11.8"
"2017-07-07 17:00:00","84.55","0.02","51.44","0.32","clear-day","0","0","1013.4","Clear","84.55","1499472000","10","313","11.62"
"2017-07-07 18:00:00","83.63","0.02","52.67","0.35","clear-day","0","0","1012.93","Clear","83.63","1499475600","10","308","11.22"
"2017-07-07 19:00:00","79.76","0.02","52.27","0.39","clear-day","0","0","1012.88","Clear","79.76","1499479200","10","318","10.41"
"2017-07-07 20:00:00","75.91","0.02","51.91","0.43","clear-day","0","0","1013.02","Clear","75.91","1499482800","10","313","8.98"
"2017-07-07 21:00:00","72.75","0.04","50.78","0.46","clear-night","0","0","1013.32","Clear","72.75","1499486400","10","309","5.73"
"2017-07-07 22:00:00","70.99","0","51.06","0.49","clear-night","0","0","1013.58","Clear","70.99","1499490000","10","312","3.89"
"2017-07-07 23:00:00","68.27","0.05","54.01","0.6","clear-night","0","0","1013.76","Clear","68.27","1499493600","10","313","4.96"
"2017-07-08 00:00:00","67.08","0.05","53.02","0.61","clear-night","0","0","1013.52","Clear","67.08","1499497200","10","306","3.94"
"2017-07-08 01:00:00","66.86","0","54.25","0.64","clear-night","0","0","1013.21","Clear","66.86","1499500800","10","302","3.55"
"2017-07-08 02:00:00","66.32","0.02","54.97","0.67","clear-night","0","0","1012.9","Clear","66.32","1499504400","10","286","1.36"
"2017-07-08 03:00:00","66.37","0.02","54.77","0.66","clear-night","0","0","1012.68","Clear","66.37","1499508000","10","273","0.51"
"2017-07-08 04:00:00","65.61","0.02","54","0.66","clear-night","0","0","1012.59","Clear","65.61","1499511600","10","148","0.13"
"2017-07-08 05:00:00","64.48","0.04","53.96","0.69","clear-night","0","0","1012.53","Clear","64.48","1499515200","10","212","0.86"
"2017-07-08 06:00:00","64.95","0.09","53.89","0.67","clear-night","0","0","1012.62","Clear","64.95","1499518800","10","280","1.3"
"2017-07-08 07:00:00","65.88","0.13","54.4","0.66","clear-day","0","0","1012.85","Clear","65.88","1499522400","10","281","2.42"
"2017-07-08 08:00:00","70.74","0.16","56.66","0.61","clear-day","0","0","1013.12","Clear","70.74","1499526000","9.96","309","2.42"
"2017-07-08 09:00:00","74.35","0.12","55.26","0.51","clear-day","0","0","1013.53","Clear","74.35","1499529600","10","292","3.46"
"2017-07-08 10:00:00","76.36","0.12","57.81","0.53","clear-day","0","0","1013.23","Clear","76.36","1499533200","10","340","5.06"
"2017-07-08 11:00:00","80.74","0.04","57.21","0.45","clear-day","0","0","1013.48","Clear","80.49","1499536800","10","336","4.8"
"2017-07-08 12:00:00","83.02","0.11","47.59","0.29","clear-day","0","0","1013.25","Clear","83.02","1499540400","10","325","6.67"
"2017-07-08 13:00:00","83.19","0.11","51.3","0.33","clear-day","0","0","1013.38","Clear","83.19","1499544000","10","322","7.59"
"2017-07-08 14:00:00","84.55","0.11","52.58","0.33","clear-day","0","0","1013.21","Clear","84.55","1499547600","10","314","10.78"
"2017-07-08 15:00:00","84.31","0.11","52.23","0.33","clear-day","0","0","1013.01","Clear","84.31","1499551200","10","308","11.93"
"2017-07-08 16:00:00","81.72","0.11","49.62","0.33","clear-day","0","0","1012.91","Clear","81.72","1499554800","10","308","11.53"
"2017-07-08 17:00:00","79.64","0.26","51.48","0.38","partly-cloudy-day","0","0","1012.8","Partly Cloudy","79.64","1499558400","10","297","13.8"
"2017-07-08 18:00:00","75.42","0.07","53.52","0.47","clear-day","0","0","1012.77","Clear","75.42","1499562000","10","317","11.67"
"2017-07-08 19:00:00","73.04","0.1","55.02","0.53","clear-day","0","0","1012.91","Clear","73.04","1499565600","10","327","8.95"
"2017-07-08 20:00:00","70.14","0.1","56.05","0.61","clear-day","0","0","1013.04","Clear","70.14","1499569200","10","323","7.42"
"2017-07-08 21:00:00","66.48","0.11","55.01","0.67","clear-night","0","0","1013.15","Clear","66.48","1499572800","9.96","312","5.95"
"2017-07-08 22:00:00","65.29","0.16","53.89","0.67","clear-night","0","0","1013.74","Clear","65.29","1499576400","10","297","5.55"
"2017-07-08 23:00:00","63.25","0.15","54.18","0.72","clear-night","0","0","1013.76","Clear","63.25","1499580000","10","301","6.16"
"2017-07-09 00:00:00","62.34","0.05","54.92","0.77","clear-night","0","0","1013.6","Clear","62.34","1499583600","9.95","306","6.42"
"2017-07-09 01:00:00","60.9","0.05","54.8","0.8","clear-night","0","0","1013.38","Clear","60.9","1499587200","9.95","323","6.74"
"2017-07-09 02:00:00","59.2","0.09","54","0.83","clear-night","0","0","1013.25","Clear","59.2","1499590800","9.81","315","6.55"
"2017-07-09 03:00:00","58.62","0.09","54.46","0.86","clear-night","0","0","1013.29","Clear","58.62","1499594400","9.87","312","6"
"2017-07-09 04:00:00","58.24","0.05","53.62","0.85","clear-night","0","0","1013.2","Clear","58.24","1499598000","9.8","297","3.45"
"2017-07-09 05:00:00","58.19","0.05","53.56","0.85","clear-night","0","0","1013.14","Clear","58.19","1499601600","9.87","299","4.64"
"2017-07-09 06:00:00","57.72","0.17","53.83","0.87","clear-night","0","0","1013.57","Clear","57.72","1499605200","9.87","330","4.55"
"2017-07-09 07:00:00","58.36","0.2","54.48","0.87","clear-day","0","0","1013.86","Clear","58.36","1499608800","9.79","333","3.97"
"2017-07-09 08:00:00","60.73","0.22","54.32","0.79","clear-day","0","0","1014.17","Clear","60.73","1499612400","10","322","3.6"
"2017-07-09 09:00:00","62.73","0.25","55.6","0.78","partly-cloudy-day","0","0","1014.24","Partly Cloudy","62.73","1499616000","10","321","4.88"
"2017-07-09 10:00:00","64.99","0.13","55.62","0.72","clear-day","0","0","1014.07","Clear","64.99","1499619600","10","329","6.86"
"2017-07-09 11:00:00","68.35","0.03","56.92","0.67","clear-day","0","0","1013.99","Clear","68.35","1499623200","10","330","6.8"
"2017-07-09 12:00:00","71.96","0.03","57.47","0.6","clear-day","0","0","1013.92","Clear","71.96","1499626800","10","330","8.09"
"2017-07-09 13:00:00","74.23","0.07","58.04","0.57","clear-day","0","0","1013.46","Clear","74.23","1499630400","10","335","9.47"
"2017-07-09 14:00:00","76.07","0.07","58.16","0.54","clear-day","0","0","1012.99","Clear","76.07","1499634000","10","326","10.22"
"2017-07-09 15:00:00","77.94","0.07","57.48","0.49","clear-day","0","0","1012.45","Clear","77.94","1499637600","10","322","8.81"
"2017-07-09 16:00:00","78.6","0.07","57.48","0.48","clear-day","0","0","1011.98","Clear","78.6","1499641200","10","324","10.08"
"2017-07-09 17:00:00","76.74","0.07","57.4","0.51","clear-day","0","0","1011.69","Clear","76.74","1499644800","10","322","10.07"
"2017-07-09 18:00:00","75.47","0.07","57.1","0.53","clear-day","0","0","1011.46","Clear","75.47","1499648400","10","316","11.34"
"2017-07-09 19:00:00","72.3","0.07","57.65","0.6","clear-day","0","0","1011.42","Clear","72.3","1499652000","10","320","10.07"
"2017-07-09 20:00:00","70.04","0.08","56.09","0.61","clear-day","0","0","1011.74","Clear","70.04","1499655600","9.94","318","9.93"
"2017-07-09 21:00:00","65.51","0.08","55.45","0.7","clear-night","0","0","1012.19","Clear","65.51","1499659200","10","310","7.43"
"2017-07-09 22:00:00","64.44","0.04","54.81","0.71","clear-night","0","0","1012.55","Clear","64.44","1499662800","10","315","6.71"
"2017-07-09 23:00:00","62.95","0.04","55.49","0.77","clear-night","0","0","1012.69","Clear","62.95","1499666400","10","312","6.6"
"2017-07-10 00:00:00","62.47","0.02","54.99","0.77","clear-night","0","0","1012.55","Clear","62.47","1499670000","9.95","337","6.09"
"2017-07-10 01:00:00","60.73","0.02","54.52","0.8","clear-night","0","0","1012.48","Clear","60.73","1499673600","9.95","326","4.56"
"2017-07-10 02:00:00","60.14","0.04","54.7","0.82","clear-night","0","0","1012.33","Clear","60.14","1499677200","9.95","327","1.66"
"2017-07-10 03:00:00","59.39","0.2","54.26","0.83","clear-night","0","0","1012.22","Clear","59.39","1499680800","9.95","325","3.68"
"2017-07-10 04:00:00","59.05","0.09","54.12","0.84","clear-night","0","0","1012.09","Clear","59.05","1499684400","9.95","324","1.64"
"2017-07-10 05:00:00","59","0.09","54.08","0.84","clear-night","0","0","1012.16","Clear","59","1499688000","9.95","299","3.55"
"2017-07-10 06:00:00","58.03","0.14","54.35","0.88","clear-night","0","0","1012.3","Clear","58.03","1499691600","9.75","310","2.58"
"2017-07-10 07:00:00","60.61","0.18","55.57","0.83","clear-day","0","0","1012.64","Clear","60.61","1499695200","9.21","325","3.59"
"2017-07-10 08:00:00","62.59","0.05","56.02","0.79","clear-day","0","0","1013.03","Clear","62.59","1499698800","9.73","328","3.46"
"2017-07-10 09:00:00","65.09","0.1","56.1","0.73","clear-day","0","0","1013.27","Clear","65.09","1499702400","9.73","313","6.25"
"2017-07-10 10:00:00","67.36","0.11","55.31","0.65","clear-day","0","0","1013.48","Clear","67.36","1499706000","9.66","288","5.84"
"2017-07-10 11:00:00","70.41","0.02","56.06","0.6","clear-day","0","0","1013.51","Clear","70.41","1499709600","10","324","4.9"
"2017-07-10 12:00:00","72.29","0.05","57.62","0.6","clear-day","0","0","1013.41","Clear","72.29","1499713200","10","343","6.66"
"2017-07-10 13:00:00","75.09","0.08","54.72","0.49","clear-day","0","0","1013.28","Clear","75.09","1499716800","10","322","8.45"
"2017-07-10 14:00:00","74.3","0.05","57.3","0.55","clear-day","0","0","1012.94","Clear","74.3","1499720400","10","321","12.17"
"2017-07-10 15:00:00","72.81","0.09","56.2","0.56","clear-day","0","0","1012.72","Clear","72.81","1499724000","10","314","13.04"
"2017-07-10 16:00:00","72.73","0.07","57.91","0.6","clear-day","0","0","1012.48","Clear","72.73","1499727600","10","314","12.61"
"2017-07-10 17:00:00","71.76","0.07","57.48","0.61","clear-day","0","0","1012.1","Clear","71.76","1499731200","10","312","11.7"
"2017-07-10 18:00:00","70.4","0.08","55.51","0.59","clear-day","0","0","1011.96","Clear","70.4","1499734800","10","317","10.64"
"2017-07-10 19:00:00","68.47","0.08","54.8","0.62","clear-day","0","0","1012","Clear","68.47","1499738400","10","322","9.14"
"2017-07-10 20:00:00","65.67","0.07","56.54","0.72","clear-day","0","0","1012.01","Clear","65.67","1499742000","9.96","314","9.27"
"2017-07-10 21:00:00","63.5","0.07","55.4","0.75","clear-night","0","0","1012.14","Clear","63.5","1499745600","9.9","321","6.45"
"2017-07-10 22:00:00","62.16","0.08","55.05","0.78","clear-night","0","0","1012.36","Clear","62.16","1499749200","10","320","4.56"
"2017-07-10 23:00:00","61.42","0.09","54.58","0.78","clear-night","0","0","1012.34","Clear","61.42","1499752800","9.85","314","4.28"
"2017-07-11 00:00:00","60.91","0.09","54.55","0.8","clear-night","0","0","1012.45","Clear","60.91","1499756400","9.74","315","4.18"
"2017-07-11 01:00:00","60.05","0.2","54.22","0.81","clear-night","0","0","1012.41","Clear","60.05","1499760000","9.62","292","3.34"
"2017-07-11 02:00:00","59.59","0.09","54.44","0.83","clear-night","0","0","1012.35","Clear","59.59","1499763600","9.54","308","3.18"
"2017-07-11 03:00:00","59.04","0.09","54.43","0.85","clear-night","0","0","1012.23","Clear","59.04","1499767200","9.67","322","2.48"
"2017-07-11 04:00:00","58.9","0.09","53.8","0.83","clear-night","0","0","1012.23","Clear","58.9","1499770800","9.75","250","4.96"
"2017-07-11 05:00:00","58.85","0.09","53.61","0.83","clear-night","0","0","1012.23","Clear","58.85","1499774400","9.68","262","3.99"
"2017-07-11 06:00:00","58.95","0.19","53.58","0.82","clear-night","0","0","1012.47","Clear","58.95","1499778000","9.19","251","2.91"
"2017-07-11 07:00:00","59.76","0.13","54.28","0.82","clear-day","0","0","1012.71","Clear","59.76","1499781600","9.71","268","3.93"
"2017-07-11 08:00:00","62.11","0.12","54.74","0.77","clear-day","0","0","1012.83","Clear","62.11","1499785200","9.2","309","4.23"
"2017-07-11 09:00:00","64.58","0.02","54.23","0.69","clear-day","0","0","1013.02","Clear","64.58","1499788800","9.56","310","4.23"
"2017-07-11 10:00:00","67.38","0.02","54.33","0.63","clear-day","0","0","1012.95","Clear","67.38","1499792400","9.75","302","3.99"
"2017-07-11 11:00:00","69.76","0.02","54.2","0.58","clear-day","0","0","1013.02","Clear","69.76","1499796000","9.95","318","7.67"
"2017-07-11 12:00:00","72.28","0.02","55.17","0.55","clear-day","0","0","1013","Clear","72.28","1499799600","9.96","327","7.93"
"2017-07-11 13:00:00","73.94","0.03","55.28","0.52","clear-day","0","0","1012.76","Clear","73.94","1499803200","9.96","327","9.62"
"2017-07-11 14:00:00","75.26","0.01","55.05","0.5","clear-day","0","0","1012.6","Clear","75.26","1499806800","9.96","327","11.55"
"2017-07-11 15:00:00","75.85","0","54.94","0.48","clear-day","0","0","1012.41","Clear","75.85","1499810400","10","326","11.61"
"2017-07-11 16:00:00","75.67","0","53.41","0.46","clear-day","0","0","1012.26","Clear","75.67","1499814000","10","319","12.62"
"2017-07-11 17:00:00","74.54","0.04","54.83","0.5","clear-day","0","0","1012.19","Clear","74.54","1499817600","9.91","321","12.31"
"2017-07-11 18:00:00","72.74","0.05","55.22","0.54","clear-day","0","0","1012.21","Clear","72.74","1499821200","9.96","312","12.3"
"2017-07-11 19:00:00","69.2","0.05","55.11","0.61","clear-day","0","0","1012.29","Clear","69.2","1499824800","9.92","320","13.09"
"2017-07-11 20:00:00","65.74","0.05","54.9","0.68","clear-day","0","0","1012.57","Clear","65.74","1499828400","9.91","328","11.2"
"2017-07-11 21:00:00","63.53","0.07","54.33","0.72","clear-night","0","0","1012.81","Clear","63.53","1499832000","9.96","328","9.3"
"2017-07-11 22:00:00","62.22","0.04","53.58","0.73","clear-night","0","0","1013.56","Clear","62.22","1499835600","9.83","327","5.11"
"2017-07-11 23:00:00","60.15","0.04","52.78","0.77","clear-night","0","0","1013.96","Clear","60.15","1499839200","9.87","327","4.29"
"2017-07-12 00:00:00","59.57","0.04","52.6","0.78","clear-night","0","0","1013.93","Clear","59.57","1499842800","9.82","323","4.07"
"2017-07-12 01:00:00","59.04","0.08","52.55","0.79","clear-night","0","0","1013.71","Clear","59.04","1499846400","9.66","302","2.63"
"2017-07-12 02:00:00","58.84","0.24","52.64","0.8","clear-night","0","0","1013.56","Clear","58.84","1499850000","9.95","302","2.95"
"2017-07-12 03:00:00","58.38","0.12","52.99","0.82","clear-night","0","0","1013.39","Clear","58.38","1499853600","9.9","324","1.75"
"2017-07-12 04:00:00","58.48","0.12","52.82","0.81","clear-night","0","0","1013.38","Clear","58.48","1499857200","9.88","255","4.09"
"2017-07-12 05:00:00","58.1","0.12","52.94","0.83","clear-night","0","0","1013.5","Clear","58.1","1499860800","9.54","311","2.1"
"2017-07-12 06:00:00","57.89","0.09","52.93","0.84","clear-night","0","0","1013.96","Clear","57.89","1499864400","9.7","290","1.9"
"2017-07-12 07:00:00","60.18","0.21","54.36","0.81","clear-day","0","0","1014.2","Clear","60.18","1499868000","9.22","249","3.85"
"2017-07-12 08:00:00","61.75","0.08","53.67","0.75","clear-day","0","0","1014.3","Clear","61.75","1499871600","9.64","205","1.43"
"2017-07-12 09:00:00","64.53","0.08","53.18","0.67","clear-day","0","0","1014.44","Clear","64.53","1499875200","9.84","354","2.34"
"2017-07-12 10:00:00","67.61","0","54.26","0.62","clear-day","0","0","1014.41","Clear","67.61","1499878800","9.91","313","4.86"
"2017-07-12 11:00:00","70.38","0","55.66","0.6","clear-day","0","0","1014.37","Clear","70.38","1499882400","10","325","7.25"
"2017-07-12 12:00:00","72.68","0","55.26","0.54","clear-day","0","0","1014.36","Clear","72.68","1499886000","10","332","8.09"
"2017-07-12 13:00:00","73.47","0","56.27","0.55","clear-day","0","0","1014.27","Clear","73.47","1499889600","9.96","324","9.83"
"2017-07-12 14:00:00","74.17","0","55.9","0.53","clear-day","0","0","1014.04","Clear","74.17","1499893200","10","325","12.09"
"2017-07-12 15:00:00","74.21","0.02","56.14","0.53","clear-day","0","0","1013.77","Clear","74.21","1499896800","10","324","12.3"
"2017-07-12 16:00:00","73.27","0.02","56.27","0.55","clear-day","0","0","1013.35","Clear","73.27","1499900400","10","321","12.72"
"2017-07-12 17:00:00","72.43","0.02","56.32","0.57","clear-day","0","0","1013.08","Clear","72.43","1499904000","10","323","13.33"
"2017-07-12 18:00:00","70.32","0.02","56.26","0.61","clear-day","0","0","1013","Clear","70.32","1499907600","9.96","320","13.23"
"2017-07-12 19:00:00","67.8","0.02","56.17","0.66","clear-day","0","0","1012.93","Clear","67.8","1499911200","10","320","11.2"
"2017-07-12 20:00:00","65.41","0.03","56.04","0.72","clear-day","0","0","1013.22","Clear","65.41","1499914800","9.92","316","10.14"
"2017-07-12 21:00:00","61.96","0.03","56.28","0.82","clear-night","0","0","1013.68","Clear","61.96","1499918400","9.96","317","8.73"
"2017-07-12 22:00:00","61.39","0.19","55.16","0.8","clear-night","0","0","1014.5","Clear","61.39","1499922000","9.9","318","5.95"
"2017-07-12 23:00:00","59.97","0.09","54.77","0.83","clear-night","0","0","1014.93","Clear","59.97","1499925600","9.65","328","5.7"
"2017-07-13 00:00:00","59.42","0.09","54.8","0.85","clear-night","0","0","1014.94","Clear","59.42","1499929200","9.95","317","4.76"
"2017-07-13 01:00:00","58.57","0.09","54.71","0.87","clear-night","0","0","1014.79","Clear","58.57","1499932800","9.95","320","3.64"
"2017-07-13 02:00:00","58.29","0.15","54.38","0.87","clear-night","0","0","1014.78","Clear","58.29","1499936400","9.95","331","4.08"
"2017-07-13 03:00:00","58.21","0.08","54.35","0.87","clear-night","0","0","1014.77","Clear","58.21","1499940000","9.95","326","3.25"
"2017-07-13 04:00:00","58.61","0.08","54.64","0.87","clear-night","0","0","1014.8","Clear","58.61","1499943600","9.68","347","1.77"
"2017-07-13 05:00:00","58.55","0.08","54.56","0.87","clear-night","0","0","1014.88","Clear","58.55","1499947200","9.82","177","0.58"
"2017-07-13 06:00:00","58.23","0.25","54.9","0.89","partly-cloudy-night","0","0","1015.15","Partly Cloudy","58.23","1499950800","9.49","247","0.76"
"2017-07-13 07:00:00","58.96","0.08","54.89","0.86","clear-day","0","0","1015.61","Clear","58.96","1499954400","9.37","78","0.8"
"2017-07-13 08:00:00","61.21","0.25","55.23","0.81","partly-cloudy-day","0","0","1015.99","Partly Cloudy","61.21","1499958000","9.29","109","0.44"
"2017-07-13 09:00:00","63.4","0.1","54.67","0.73","clear-day","0","0","1016.32","Clear","63.4","1499961600","9.67","348","1.89"
"2017-07-13 10:00:00","66.38","0.08","53.78","0.64","clear-day","0","0","1016.3","Clear","66.38","1499965200","9.78","342","4.72"
"2017-07-13 11:00:00","68.91","0.03","56.26","0.64","clear-day","0","0","1016.16","Clear","68.91","1499968800","9.88","338","6.53"
"2017-07-13 12:00:00","71.87","0.03","56.29","0.58","clear-day","0","0","1016.14","Clear","71.87","1499972400","9.88","335","7.99"
"2017-07-13 13:00:00","73.55","0.03","57.18","0.57","clear-day","0","0","1016.13","Clear","73.55","1499976000","10","322","10.15"
"2017-07-13 14:00:00","74.31","0.03","56.78","0.54","clear-day","0","0","1015.84","Clear","74.31","1499979600","10","323","10.19"
"2017-07-13 15:00:00","73.96","0.03","56.95","0.55","clear-day","0","0","1015.5","Clear","73.96","1499983200","10","326","11.15"
"2017-07-13 16:00:00","74.33","0.03","57.04","0.55","clear-day","0","0","1015.28","Clear","74.33","1499986800","10","318","13.24"
"2017-07-13 17:00:00","73.77","0.03","56.87","0.56","clear-day","0","0","1015.21","Clear","73.77","1499990400","10","314","13.89"
"2017-07-13 18:00:00","72.49","0.03","55.86","0.56","clear-day","0","0","1015.15","Clear","72.49","1499994000","10","321","13.76"
"2017-07-13 19:00:00","69.79","0.08","53.52","0.56","clear-day","0","0","1015.21","Clear","69.79","1499997600","10","312","11.49"
"2017-07-13 20:00:00","66.84","0.1","54.74","0.65","clear-day","0","0","1015.38","Clear","66.84","1500001200","10","316","9.8"
"2017-07-13 21:00:00","63.72","0.07","55.72","0.75","clear-night","0","0","1015.72","Clear","63.72","1500004800","10","308","7.95"
"2017-07-13 22:00:00","62.26","0.04","54.96","0.77","clear-night","0","0","1016.37","Clear","62.26","1500008400","10","304","5.81"
"2017-07-13 23:00:00","61.03","0.04","54.64","0.79","clear-night","0","0","1016.67","Clear","61.03","1500012000","10","317","4.62"
"2017-07-14 00:00:00","59.93","0.04","55.32","0.85","clear-night","0","0","1016.54","Clear","59.93","1500015600","10","319","5.01"
"2017-07-14 01:00:00","59.01","0.04","55.1","0.87","clear-night","0","0","1016.24","Clear","59.01","1500019200","10","318","5.46"
"2017-07-14 02:00:00","58.92","0.2","55.45","0.88","clear-night","0","0","1015.98","Clear","58.92","1500022800","10","302","4.96"
"2017-07-14 03:00:00","58.6","0.15","55.45","0.89","clear-night","0","0","1015.79","Clear","58.6","1500026400","10","321","3.76"
"2017-07-14 04:00:00","58.15","0.15","55.07","0.89","clear-night","0","0","1015.71","Clear","58.15","1500030000","9.95","327","2.39"
"2017-07-14 05:00:00","58.34","0.08","55.2","0.89","clear-night","0","0","1015.87","Clear","58.34","1500033600","9.93","326","1.67"
"2017-07-14 06:00:00","59.03","0","55.33","0.88","clear-night","0","0","1016.07","Clear","59.03","1500037200","9.75","279","2.03"
"2017-07-14 07:00:00","60.49","0.28","56.41","0.86","partly-cloudy-day","0","0","1016.38","Partly Cloudy","60.49","1500040800","9.75","287","3.04"
"2017-07-14 08:00:00","61.35","0.14","56.68","0.85","clear-day","0","0","1016.6","Clear","61.35","1500044400","9.79","329","1.85"
"2017-07-14 09:00:00","64","0.18","56.56","0.77","clear-day","0","0","1016.91","Clear","64","1500048000","9.88","12","2.11"
"2017-07-14 10:00:00","67.04","0.15","55.42","0.66","clear-day","0","0","1017","Clear","67.04","1500051600","9.81","329","3.34"
"2017-07-14 11:00:00","69.33","0.17","57.72","0.67","clear-day","0","0","1017","Clear","69.33","1500055200","10","337","6.31"
"2017-07-14 12:00:00","71.97","0.18","57.93","0.61","clear-day","0","0","1016.91","Clear","71.97","1500058800","10","340","7.88"
"2017-07-14 13:00:00","75.23","0.12","55.79","0.51","clear-day","0","0","1016.78","Clear","75.23","1500062400","10","329","8.09"
"2017-07-14 14:00:00","76.66","0.15","55","0.47","clear-day","0","0","1016.66","Clear","76.66","1500066000","10","336","10.79"
"2017-07-14 15:00:00","77.49","0.15","54.92","0.46","clear-day","0","0","1016.3","Clear","77.49","1500069600","10","325","12.42"
"2017-07-14 16:00:00","76.59","0.16","55.71","0.49","clear-day","0","0","1016.13","Clear","76.59","1500073200","10","323","12.84"
"2017-07-14 17:00:00","74.73","0.1","56.77","0.54","clear-day","0","0","1015.75","Clear","74.73","1500076800","10","316","12.44"
"2017-07-14 18:00:00","73.56","0.1","56.71","0.56","clear-day","0","0","1015.62","Clear","73.56","1500080400","10","323","12.39"
"2017-07-14 19:00:00","69.52","0.07","56.37","0.63","clear-day","0","0","1015.72","Clear","69.52","1500084000","10","321","12.17"
"2017-07-14 20:00:00","66.8","0.1","55.9","0.68","clear-day","0","0","1016","Clear","66.8","1500087600","10","317","11.11"
"2017-07-14 21:00:00","63.53","0.07","56.36","0.77","clear-night","0","0","1016.45","Clear","63.53","1500091200","10","318","7.92"
"2017-07-14 22:00:00","62.56","0.04","55.11","0.77","clear-night","0","0","1017.18","Clear","62.56","1500094800","10","305","6.47"
"2017-07-14 23:00:00","61.57","0.04","55.26","0.8","clear-night","0","0","1017.28","Clear","61.57","1500098400","10","294","5.62"
"2017-07-15 00:00:00","60.74","0.04","55.54","0.83","clear-night","0","0","1017.29","Clear","60.74","1500102000","10","295","3.65"
"2017-07-15 01:00:00","59.81","0.2","55.11","0.84","clear-night","0","0","1016.85","Clear","59.81","1500105600","10","323","3.52"
"2017-07-15 02:00:00","59.62","0.09","55.18","0.85","clear-night","0","0","1016.45","Clear","59.62","1500109200","10","322","4.21"
"2017-07-15 03:00:00","59.72","0.09","55.3","0.85","clear-night","0","0","1016.37","Clear","59.72","1500112800","10","289","2.26"
"2017-07-15 04:00:00","59.22","0.2","54.77","0.85","clear-night","0","0","1016.16","Clear","59.22","1500116400","9.87","276","3.52"
"2017-07-15 05:00:00","59.03","0.2","54.68","0.85","clear-night","0","0","1016.3","Clear","59.03","1500120000","10","298","2.56"
"2017-07-15 06:00:00","59.28","0.25","54.58","0.84","partly-cloudy-night","0","0","1016.62","Partly Cloudy","59.28","1500123600","10","261","2"
"2017-07-15 07:00:00","60.05","0.07","55.58","0.85","clear-day","0","0","1016.81","Clear","60.05","1500127200","10","289","1.83"
"2017-07-15 08:00:00","63.32","0.1","56.26","0.78","clear-day","0","0","1016.93","Clear","63.32","1500130800","10","290","1.12"
"2017-07-15 09:00:00","65.85","0.12","55.57","0.69","clear-day","0","0","1016.91","Clear","65.85","1500134400","10","275","2.2"
"2017-07-15 10:00:00","68.29","0.13","57.88","0.69","clear-day","0","0","1016.81","Clear","68.29","1500138000","10","339","4.04"
"2017-07-15 11:00:00","71.71","0.13","59.06","0.64","clear-day","0","0","1016.67","Clear","71.71","1500141600","10","341","4.42"
"2017-07-15 12:00:00","76.63","0.13","59.63","0.56","clear-day","0","0","1016.42","Clear","76.63","1500145200","10","336","5.62"
"2017-07-15 13:00:00","80.88","0.16","59.85","0.5","clear-day","0","0","1016.18","Clear","80.06","1500148800","10","341","6.58"
"2017-07-15 14:00:00","83.44","0.11","56.84","0.4","clear-day","0","0","1015.68","Clear","83.44","1500152400","10","338","8.11"
"2017-07-15 15:00:00","85.85","0.08","54.79","0.35","clear-day","0","0","1015.25","Clear","85.85","1500156000","10","330","8.87"
"2017-07-15 16:00:00","85.7","0.16","54.99","0.35","clear-day","0","0","1014.65","Clear","85.7","1500159600","10","323","9.96"
"2017-07-15 17:00:00","84.61","0.17","57.79","0.4","clear-day","0","0","1014.38","Clear","84.61","1500163200","10","315","10.45"
"2017-07-15 18:00:00","81.43","0","60.38","0.5","clear-day","0","0","1013.93","Clear","80.66","1500166800","10","316","11.32"
"2017-07-15 19:00:00","77.53","0.15","58.1","0.51","clear-day","0","0","1013.71","Clear","77.53","1500170400","10","325","10.5"
"2017-07-15 20:00:00","74.61","0.13","56.67","0.54","clear-day","0","0","1013.71","Clear","74.61","1500174000","9.96","309","8.66"
"2017-07-15 21:00:00","70.77","0.06","54.85","0.57","clear-night","0","0","1013.59","Clear","70.77","1500177600","10","313","6.8"
"2017-07-15 22:00:00","69.24","0.1","56.38","0.64","clear-night","0","0","1013.84","Clear","69.24","1500181200","10","329","7.05"
"2017-07-15 23:00:00","67.59","0.09","57.19","0.69","clear-night","0","0","1014.11","Clear","67.59","1500184800","9.95","302","3.36"
"2017-07-16 00:00:00","67.44","0.09","56.94","0.69","clear-night","0","0","1014.1","Clear","67.44","1500188400","9.89","257","2.15"
"2017-07-16 01:00:00","66.71","0","56.77","0.7","clear-night","0","0","1013.93","Clear","66.71","1500192000","10","251","5.32"
"2017-07-16 02:00:00","66.64","0.04","55.75","0.68","clear-night","0","0","1013.84","Clear","66.64","1500195600","10","256","2.04"
"2017-07-16 03:00:00","66.05","0.02","56.24","0.71","clear-night","0","0","1013.52","Clear","66.05","1500199200","10","294","2.61"
"2017-07-16 04:00:00","65.2","0.02","55.92","0.72","clear-night","0","0","1013.38","Clear","65.2","1500202800","10","312","3.3"
"2017-07-16 05:00:00","64.84","0.02","56.28","0.74","clear-night","0","0","1013.23","Clear","64.84","1500206400","10","299","2.52"
"2017-07-16 06:00:00","64.16","0.09","55.92","0.75","clear-night","0","0","1013.24","Clear","64.16","1500210000","10","264","2.82"
"2017-07-16 07:00:00","65.4","0.13","56.91","0.74","clear-day","0","0","1013.49","Clear","65.4","1500213600","10","353","1.59"
"2017-07-16 08:00:00","69.58","0.12","57.99","0.67","clear-day","0","0","1013.8","Clear","69.58","1500217200","10","336","2.98"
"2017-07-16 09:00:00","72.79","0.13","59.61","0.63","clear-day","0","0","1013.97","Clear","72.79","1500220800","10","348","4.12"
"2017-07-16 10:00:00","76","0.08","58.72","0.55","clear-day","0","0","1013.63","Clear","76","1500224400","10","323","3.6"
"2017-07-16 11:00:00","79.63","0.14","60.25","0.52","clear-day","0","0","1013.21","Clear","79.54","1500228000","10","345","5.43"
"2017-07-16 12:00:00","84.79","0.15","59.34","0.42","clear-day","0","0","1012.72","Clear","84.79","1500231600","10","333","6.91"
"2017-07-16 13:00:00","87.63","0.18","54.67","0.33","clear-day","0","0","1012.45","Clear","87.63","1500235200","10","325","9.1"
"2017-07-16 14:00:00","88.22","0.1","55.72","0.33","clear-day","0","0","1012.13","Clear","88.22","1500238800","10","323","10.39"
"2017-07-16 15:00:00","90.03","0.12","52.55","0.28","clear-day","0","0","1011.78","Clear","90.03","1500242400","10","311","9.6"
"2017-07-16 16:00:00","91.69","0.01","50.49","0.25","clear-day","0","0","1011.18","Clear","91.69","1500246000","10","307","11.86"
"2017-07-16 17:00:00","88.57","0.03","56.11","0.33","clear-day","0","0","1010.61","Clear","88.57","1500249600","10","314","10.96"
"2017-07-16 18:00:00","83.86","0.07","54.33","0.36","clear-day","0","0","1010.34","Clear","83.86","1500253200","10","317","12.13"
"2017-07-16 19:00:00","79.97","0.07","50.42","0.36","clear-day","0","0","1010.21","Clear","79.97","1500256800","10","319","10.59"
"2017-07-16 20:00:00","74.72","0.07","53.3","0.47","clear-day","0","0","1010.58","Clear","74.72","1500260400","10","317","8.63"
"2017-07-16 21:00:00","70.95","0.07","54.57","0.56","clear-night","0","0","1010.71","Clear","70.95","1500264000","10","331","5.92"
"2017-07-16 22:00:00","69.24","0","52.82","0.56","clear-night","0","0","1011.01","Clear","69.24","1500267600","10","331","4.93"
"2017-07-16 23:00:00","67.5","0.04","54.29","0.63","clear-night","0","0","1011.28","Clear","67.5","1500271200","10","322","5.16"
"2017-07-17 00:00:00","66.89","0.02","54.49","0.64","clear-night","0","0","1011.14","Clear","66.89","1500274800","10","294","3.79"
"2017-07-17 01:00:00","66.3","0.02","54.78","0.66","clear-night","0","0","1010.98","Clear","66.3","1500278400","9.95","306","4.09"
"2017-07-17 02:00:00","64.83","0","55.42","0.72","clear-night","0","0","1010.86","Clear","64.83","1500282000","9.95","309","3.02"
"2017-07-17 03:00:00","63.58","0.04","55.22","0.74","clear-night","0","0","1010.67","Clear","63.58","1500285600","9.95","314","4.53"
"2017-07-17 04:00:00","63.8","0.04","55.1","0.73","clear-night","0","0","1010.55","Clear","63.8","1500289200","9.95","288","4.72"
"2017-07-17 05:00:00","62.68","0.2","54.5","0.75","clear-night","0","0","1010.86","Clear","62.68","1500292800","9.82","290","4.33"
"2017-07-17 06:00:00","62.17","0","54.6","0.76","clear-night","0","0","1011.15","Clear","62.17","1500296400","9.26","292","3.97"
"2017-07-17 07:00:00","63.3","0","54.63","0.73","clear-day","0","0","1011.72","Clear","63.3","1500300000","8.83","303","4.94"
"2017-07-17 08:00:00","65.63","0","54.82","0.68","clear-day","0","0","1012.21","Clear","65.63","1500303600","9.26","315","3.96"
"2017-07-17 09:00:00","68.27","0","54.59","0.62","clear-day","0","0","1012.41","Clear","68.27","1500307200","9.65","327","4.2"
"2017-07-17 10:00:00","70.61","0","55.52","0.59","clear-day","0","0","1012.36","Clear","70.61","1500310800","9.46","333","6.42"
"2017-07-17 11:00:00","72.03","0","53.02","0.51","clear-day","0","0","1012.43","Clear","72.03","1500314400","9.89","322","7.43"
"2017-07-17 12:00:00","73.6","0","54.62","0.52","clear-day","0","0","1012.6","Clear","73.6","1500318000","9.57","328","8.83"
"2017-07-17 13:00:00","75.3","0.01","54.49","0.48","clear-day","0","0","1012.59","Clear","75.3","1500321600","10","326","9.35"
"2017-07-17 14:00:00","76.06","0.01","55.51","0.49","clear-day","0","0","1012.5","Clear","76.06","1500325200","10","321","10.79"
"2017-07-17 15:00:00","76.53","0.01","55.07","0.48","clear-day","0","0","1012.36","Clear","76.53","1500328800","10","322","11.13"
"2017-07-17 16:00:00","77.44","0.05","54.81","0.46","clear-day","0","0","1012.03","Clear","77.44","1500332400","10","327","10.75"
"2017-07-17 17:00:00","77.79","0.06","52.26","0.41","clear-day","0","0","1011.98","Clear","77.79","1500336000","10","307","9.38"
"2017-07-17 18:00:00","75.06","0.05","55.91","0.51","clear-day","0","0","1011.85","Clear","75.06","1500339600","10","323","11.68"
"2017-07-17 19:00:00","72.49","0.05","55.71","0.56","clear-day","0","0","1011.87","Clear","72.49","1500343200","10","321","9.67"
"2017-07-17 20:00:00","69.46","0.08","53.26","0.56","clear-day","0","0","1012.31","Clear","69.46","1500346800","10","321","8.2"
"2017-07-17 21:00:00","66.1","0.07","54.42","0.66","clear-night","0","0","1012.61","Clear","66.1","1500350400","10","311","6.81"
"2017-07-17 22:00:00","64.63","0.04","53.23","0.67","clear-night","0","0","1013.13","Clear","64.63","1500354000","10","321","5.53"
"2017-07-17 23:00:00","62.54","0.04","53.05","0.71","clear-night","0","0","1013.66","Clear","62.54","1500357600","10","314","4.75"
"2017-07-18 00:00:00","61.38","0.04","52.47","0.73","clear-night","0","0","1013.75","Clear","61.38","1500361200","10","316","4.32"
"2017-07-18 01:00:00","60.39","0.04","52.5","0.75","clear-night","0","0","1013.67","Clear","60.39","1500364800","10","324","4.32"
"2017-07-18 02:00:00","59.34","0.2","52.3","0.78","clear-night","0","0","1013.75","Clear","59.34","1500368400","9.95","318","4.49"
"2017-07-18 03:00:00","58.79","0.16","53.33","0.82","clear-night","0","0","1013.91","Clear","58.79","1500372000","9.95","322","6.09"
"2017-07-18 04:00:00","58.12","0.05","51.65","0.79","clear-night","0","0","1014.19","Clear","58.12","1500375600","9.82","307","4.45"
"2017-07-18 05:00:00","57.83","0.09","53.07","0.84","clear-night","0","0","1014.64","Clear","57.83","1500379200","9.76","318","5.27"
"2017-07-18 06:00:00","57.36","0.24","52.34","0.83","clear-night","0","0","1015.41","Clear","57.36","1500382800","9.48","273","4.42"
"2017-07-18 07:00:00","58.25","0.19","53.21","0.83","clear-day","0","0","1015.98","Clear","58.25","1500386400","9.45","317","5.56"
"2017-07-18 08:00:00","59.16","0.2","52.09","0.77","clear-day","0","0","1016.46","Clear","59.16","1500390000","9.52","301","5.68"
"2017-07-18 09:00:00","60.97","0.27","52.34","0.73","partly-cloudy-day","0","0","1017.06","Partly Cloudy","60.97","1500393600","9.9","305","4.63"
"2017-07-18 10:00:00","62.73","0.27","52.93","0.7","partly-cloudy-day","0","0","1017.42","Partly Cloudy","62.73","1500397200","9.9","299","6.42"
"2017-07-18 11:00:00","64.56","0.14","52.72","0.65","clear-day","0","0","1017.61","Clear","64.56","1500400800","10","301","9.31"
"2017-07-18 12:00:00","66","0.11","52.87","0.63","clear-day","0","0","1017.62","Clear","66","1500404400","10","304","10.69"
"2017-07-18 13:00:00","67.06","0.08","52.34","0.59","clear-day","0","0","1017.48","Clear","67.06","1500408000","10","298","9.8"
"2017-07-18 14:00:00","69.31","0.08","53.09","0.56","clear-day","0","0","1017.29","Clear","69.31","1500411600","10","310","10.3"
"2017-07-18 15:00:00","70.18","0.07","54.67","0.58","clear-day","0","0","1016.83","Clear","70.18","1500415200","10","313","11.76"
"2017-07-18 16:00:00","70.54","0.08","53.9","0.56","clear-day","0","0","1016.63","Clear","70.54","1500418800","10","308","11"
"2017-07-18 17:00:00","70.73","0.07","55.28","0.58","clear-day","0","0","1016.31","Clear","70.73","1500422400","10","312","12.45"
"2017-07-18 18:00:00","69.3","0.03","54.97","0.6","clear-day","0","0","1016.06","Clear","69.3","1500426000","10","315","12.75"
"2017-07-18 19:00:00","67.41","0.03","54.53","0.63","clear-day","0","0","1015.93","Clear","67.41","1500429600","10","313","11.35"
"2017-07-18 20:00:00","64.9","0.02","54.83","0.7","clear-day","0","0","1016.05","Clear","64.9","1500433200","10","310","9.62"
"2017-07-18 21:00:00","62.65","0.03","54.37","0.74","clear-night","0","0","1016.08","Clear","62.65","1500436800","10","315","8.03"
"2017-07-18 22:00:00","60.97","0.04","53.19","0.76","clear-night","0","0","1016.47","Clear","60.97","1500440400","10","309","6.19"
"2017-07-18 23:00:00","60.27","0.06","53.5","0.78","clear-night","0","0","1016.49","Clear","60.27","1500444000","10","309","5.32"
"2017-07-19 00:00:00","59.21","0","53.58","0.82","clear-night","0","0","1016.39","Clear","59.21","1500447600","10","307","1.76"
"2017-07-19 01:00:00","57.92","0.05","53.62","0.86","clear-night","0","0","1016.39","Clear","57.92","1500451200","10","343","0.65"
"2017-07-19 02:00:00","57.61","0.09","53.94","0.88","clear-night","0","0","1016.07","Clear","57.61","1500454800","10","298","2.39"
"2017-07-19 03:00:00","57.41","0.09","53.47","0.87","clear-night","0","0","1015.86","Clear","57.41","1500458400","10","287","2.58"
"2017-07-19 04:00:00","57.49","0.09","53.43","0.86","clear-night","0","0","1015.76","Clear","57.49","1500462000","9.95","272","3.66"
"2017-07-19 05:00:00","57.86","0.08","54.34","0.88","clear-night","0","0","1015.94","Clear","57.86","1500465600","9.9","227","4.71"
"2017-07-19 06:00:00","57.36","0.25","53.89","0.88","partly-cloudy-night","0","0","1016.41","Partly Cloudy","57.36","1500469200","9.66","209","2.92"
"2017-07-19 07:00:00","58.36","0.26","54.61","0.87","partly-cloudy-day","0","0","1016.64","Partly Cloudy","58.36","1500472800","8.45","218","3.32"
"2017-07-19 08:00:00","60.22","0.07","54.24","0.81","clear-day","0","0","1017","Clear","60.22","1500476400","9.3","229","4.21"
"2017-07-19 09:00:00","62.92","0.16","55.23","0.76","clear-day","0","0","1017.22","Clear","62.92","1500480000","9.52","287","2.59"
"2017-07-19 10:00:00","65.8","0.04","54.19","0.66","clear-day","0","0","1017","Clear","65.8","1500483600","9.9","277","4.37"
"2017-07-19 11:00:00","67.86","0.02","54.4","0.62","clear-day","0","0","1017.03","Clear","67.86","1500487200","10","341","4.35"
"2017-07-19 12:00:00","70.28","0.02","54.06","0.56","clear-day","0","0","1016.87","Clear","70.28","1500490800","10","321","6.14"
"2017-07-19 13:00:00","72.85","0","53.63","0.51","clear-day","0","0","1016.71","Clear","72.85","1500494400","10","317","7.93"
"2017-07-19 14:00:00","73.54","0","53.37","0.49","clear-day","0","0","1016.36","Clear","73.54","1500498000","10","304","9.6"
"2017-07-19 15:00:00","75","0.02","55.94","0.52","clear-day","0","0","1015.96","Clear","75","1500501600","10","309","12.02"
"2017-07-19 16:00:00","74.79","0.02","54.9","0.5","clear-day","0","0","1015.65","Clear","74.79","1500505200","10","312","12.76"
"2017-07-19 17:00:00","73.81","0.05","53.71","0.49","clear-day","0","0","1015.25","Clear","73.81","1500508800","10","313","13.07"
"2017-07-19 18:00:00","72.03","0.06","51.41","0.48","clear-day","0","0","1015.09","Clear","72.03","1500512400","10","301","12.42"
"2017-07-19 19:00:00","69.45","0.07","52.47","0.55","clear-day","0","0","1015.08","Clear","69.45","1500516000","10","321","9.44"
"2017-07-19 20:00:00","67.19","0.03","50.21","0.54","clear-day","0","0","1015.54","Clear","67.19","1500519600","10","295","8.49"
"2017-07-19 21:00:00","63.93","0.03","50.88","0.63","clear-night","0","0","1015.89","Clear","63.93","1500523200","10","300","7.76"
"2017-07-19 22:00:00","61.99","0.04","51.62","0.69","clear-night","0","0","1016.6","Clear","61.99","1500526800","10","314","6.06"
"2017-07-19 23:00:00","60.75","0.04","53.39","0.77","clear-night","0","0","1016.82","Clear","60.75","1500530400","10","286","2.55"
"2017-07-20 00:00:00","59.48","0.04","53.42","0.8","clear-night","0","0","1016.76","Clear","59.48","1500534000","10","293","4.01"
"2017-07-20 01:00:00","59.81","0.04","53.53","0.8","clear-night","0","0","1016.82","Clear","59.81","1500537600","10","291","4.65"
"2017-07-20 02:00:00","59.24","0.02","53.37","0.81","clear-night","0","0","1016.72","Clear","59.24","1500541200","10","259","1.69"
"2017-07-20 03:00:00","58.87","0.02","53.78","0.83","clear-night","0","0","1016.7","Clear","58.87","1500544800","10","248","5.11"
"2017-07-20 04:00:00","58.74","0.02","53.95","0.84","clear-night","0","0","1016.75","Clear","58.74","1500548400","10","254","4.99"
"2017-07-20 05:00:00","58.9","0.02","53.48","0.82","clear-night","0","0","1016.96","Clear","58.9","1500552000","10","245","4.81"
"2017-07-20 06:00:00","58.03","0.08","53.23","0.84","clear-night","0","0","1017.46","Clear","58.03","1500555600","10","233","3.87"
"2017-07-20 07:00:00","59.04","0.04","54.41","0.85","clear-day","0","0","1017.88","Clear","59.04","1500559200","10","239","2.58"
"2017-07-20 08:00:00","61.57","0.04","54.51","0.78","clear-day","0","0","1018.08","Clear","61.57","1500562800","10","273","0.96"
"2017-07-20 09:00:00","63.72","0.14","53.78","0.7","clear-day","0","0","1018.27","Clear","63.72","1500566400","10","320","0.71"
"2017-07-20 10:00:00","66.12","0.1","53.67","0.64","clear-day","0","0","1018.27","Clear","66.12","1500570000","10","347","2.95"
"2017-07-20 11:00:00","68.15","0.04","51.91","0.56","clear-day","0","0","1018.42","Clear","68.15","1500573600","10","267","5.45"
"2017-07-20 12:00:00","69.72","0.02","53.08","0.56","clear-day","0","0","1018.43","Clear","69.72","1500577200","10","301","7.39"
"2017-07-20 13:00:00","70.11","0.03","56.22","0.61","clear-day","0","0","1018.05","Clear","70.11","1500580800","10","317","9.29"
"2017-07-20 14:00:00","71.66","0.04","56.79","0.6","clear-day","0","0","1017.68","Clear","71.66","1500584400","10","307","10.06"
"2017-07-20 15:00:00","72.67","0.03","56.36","0.57","clear-day","0","0","1017.36","Clear","72.67","1500588000","10","317","10.94"
"2017-07-20 16:00:00","73.06","0.07","56.12","0.55","clear-day","0","0","1016.92","Clear","73.06","1500591600","10","317","10.33"
"2017-07-20 17:00:00","73.13","0.1","54.49","0.52","clear-day","0","0","1016.53","Clear","73.13","1500595200","10","306","9.2"
"2017-07-20 18:00:00","72.15","0.1","54.33","0.54","clear-day","0","0","1016.14","Clear","72.15","1500598800","10","313","9"
"2017-07-20 19:00:00","70.61","0.07","53.16","0.54","clear-day","0","0","1016.03","Clear","70.61","1500602400","10","304","8.48"
"2017-07-20 20:00:00","67.11","0.07","52.09","0.59","clear-day","0","0","1016.27","Clear","67.11","1500606000","10","302","8.14"
"2017-07-20 21:00:00","61.74","0.03","52.99","0.73","clear-night","0","0","1016.33","Clear","61.74","1500609600","10","319","7.71"
"2017-07-20 22:00:00","61.66","0.02","51.89","0.7","clear-night","0","0","1016.73","Clear","61.66","1500613200","10","305","4.09"
"2017-07-20 23:00:00","61.07","0.02","51.14","0.7","clear-night","0","0","1016.87","Clear","61.07","1500616800","10","300","4.43"
"2017-07-21 00:00:00","60.1","0.02","51","0.72","clear-night","0","0","1016.71","Clear","60.1","1500620400","10","310","3.91"
"2017-07-21 01:00:00","59.27","0.04","51.96","0.77","clear-night","0","0","1016.45","Clear","59.27","1500624000","10","313","3.69"
"2017-07-21 02:00:00","59.36","0.04","51.2","0.74","clear-night","0","0","1016.16","Clear","59.36","1500627600","10","249","5.28"
"2017-07-21 03:00:00","58.31","0.04","51.76","0.79","clear-night","0","0","1016.01","Clear","58.31","1500631200","10","268","2.1"
"2017-07-21 04:00:00","58.24","0.02","52.53","0.81","clear-night","0","0","1015.86","Clear","58.24","1500634800","10","227","2.66"
"2017-07-21 05:00:00","57.34","0.02","51.94","0.82","clear-night","0","0","1016","Clear","57.34","1500638400","10","189","2.34"
"2017-07-21 06:00:00","57.54","0.02","52.93","0.85","clear-night","0","0","1016.31","Clear","57.54","1500642000","10","237","4.37"
"2017-07-21 07:00:00","58.41","0.03","53.37","0.83","clear-day","0","0","1016.54","Clear","58.41","1500645600","10","251","4.02"
"2017-07-21 08:00:00","61.12","0.03","53.69","0.77","clear-day","0","0","1016.74","Clear","61.12","1500649200","10","308","2.01"
"2017-07-21 09:00:00","63.12","0.07","54.12","0.72","clear-day","0","0","1016.9","Clear","63.12","1500652800","10","310","1.55"
"2017-07-21 10:00:00","65.89","0.07","53.95","0.65","clear-day","0","0","1016.72","Clear","65.89","1500656400","10","292","2.65"
"2017-07-21 11:00:00","67.47","0.07","54.1","0.62","clear-day","0","0","1016.64","Clear","67.47","1500660000","10","322","5.04"
"2017-07-21 12:00:00","70.53","0.07","52.34","0.53","clear-day","0","0","1016.32","Clear","70.53","1500663600","10","313","6.68"
"2017-07-21 13:00:00","72.21","0.06","54.72","0.54","clear-day","0","0","1015.93","Clear","72.21","1500667200","10","328","8.63"
"2017-07-21 14:00:00","74.08","0.06","55.53","0.52","clear-day","0","0","1015.48","Clear","74.08","1500670800","10","317","10.49"
"2017-07-21 15:00:00","75.04","0.02","55.92","0.51","clear-day","0","0","1015","Clear","75.04","1500674400","10","313","12.1"
"2017-07-21 16:00:00","75.36","0.02","54.65","0.49","clear-day","0","0","1014.62","Clear","75.36","1500678000","10","311","13.27"
"2017-07-21 17:00:00","73.05","0.02","53.91","0.51","clear-day","0","0","1014.39","Clear","73.05","1500681600","10","308","10.64"
"2017-07-21 18:00:00","70.19","0.07","54.17","0.57","clear-day","0","0","1014.24","Clear","70.19","1500685200","10","307","10.99"
"2017-07-21 19:00:00","68.4","0.08","53.62","0.59","clear-day","0","0","1014.39","Clear","68.4","1500688800","10","311","9.66"
"2017-07-21 20:00:00","65.23","0.12","52.69","0.64","clear-day","0","0","1014.47","Clear","65.23","1500692400","10","301","8.99"
"2017-07-21 21:00:00","62.99","0.08","53.66","0.72","clear-night","0","0","1014.63","Clear","62.99","1500696000","10","303","6.52"
"2017-07-21 22:00:00","61.22","0.04","53.5","0.76","clear-night","0","0","1014.91","Clear","61.22","1500699600","10","315","4.36"
"2017-07-21 23:00:00","60.36","0.04","53.79","0.79","clear-night","0","0","1014.84","Clear","60.36","1500703200","10","310","3.25"
"2017-07-22 00:00:00","60.2","0.04","53.99","0.8","clear-night","0","0","1014.55","Clear","60.2","1500706800","10","297","2.2"
"2017-07-22 01:00:00","59.82","0.04","53.94","0.81","clear-night","0","0","1014.33","Clear","59.82","1500710400","10","246","4.68"
"2017-07-22 02:00:00","59.05","0.04","53.92","0.83","clear-night","0","0","1013.95","Clear","59.05","1500714000","10","270","1.62"
"2017-07-22 03:00:00","58.64","0.02","53.89","0.84","clear-night","0","0","1013.64","Clear","58.64","1500717600","10","323","1.27"
"2017-07-22 04:00:00","58.32","0.02","53.87","0.85","clear-night","0","0","1013.36","Clear","58.32","1500721200","10","270","1.92"
"2017-07-22 05:00:00","57.75","0.02","53.67","0.86","clear-night","0","0","1013.26","Clear","57.75","1500724800","10","237","1.89"
"2017-07-22 06:00:00","57.91","0.08","52.97","0.84","clear-night","0","0","1013.33","Clear","57.91","1500728400","10","338","0.91"
"2017-07-22 07:00:00","58.56","0.09","53.35","0.83","clear-day","0","0","1013.69","Clear","58.56","1500732000","9.95","207","1.53"
"2017-07-22 08:00:00","61.97","0.04","54.96","0.78","clear-day","0","0","1014.11","Clear","61.97","1500735600","10","158","2.1"
"2017-07-22 09:00:00","65.04","0.01","55.51","0.71","clear-day","0","0","1014.08","Clear","65.04","1500739200","10","181","1.09"
"2017-07-22 10:00:00","68.05","0.01","55.87","0.65","clear-day","0","0","1013.95","Clear","68.05","1500742800","10","326","2.53"
"2017-07-22 11:00:00","71.57","0.01","56.78","0.6","clear-day","0","0","1013.58","Clear","71.57","1500746400","10","342","4.66"
"2017-07-22 12:00:00","74.91","0.01","57.14","0.54","clear-day","0","0","1013.17","Clear","74.91","1500750000","10","344","5.28"
"2017-07-22 13:00:00","77.73","0.01","56.21","0.48","clear-day","0","0","1012.71","Clear","77.73","1500753600","10","348","6.4"
"2017-07-22 14:00:00","81.74","0.03","54.47","0.39","clear-day","0","0","1012.05","Clear","81.74","1500757200","10","330","7.69"
"2017-07-22 15:00:00","82.75","0.02","56.05","0.4","clear-day","0","0","1011.3","Clear","82.75","1500760800","10","331","8.41"
"2017-07-22 16:00:00","83.29","0.07","56.87","0.41","clear-day","0","0","1010.75","Clear","83.29","1500764400","10","324","9.13"
"2017-07-22 17:00:00","83.1","0.07","56.89","0.41","clear-day","0","0","1010.12","Clear","83.1","1500768000","10","327","12.11"
"2017-07-22 18:00:00","81.58","0.11","55.17","0.4","clear-day","0","0","1009.93","Clear","81.58","1500771600","10","329","9.64"
"2017-07-22 19:00:00","80.66","0.11","56.17","0.43","clear-day","0","0","1010.01","Clear","80.6","1500775200","10","321","10.26"
"2017-07-22 20:00:00","75.5","0.18","55.34","0.5","clear-day","0","0","1010.29","Clear","75.5","1500778800","10","318","8.71"
"2017-07-22 21:00:00","70.75","0.15","55.8","0.59","clear-night","0","0","1010.68","Clear","70.75","1500782400","10","311","7.05"
"2017-07-22 22:00:00","69.87","0.11","53.85","0.57","clear-night","0","0","1011.09","Clear","69.87","1500786000","10","303","3.92"
"2017-07-22 23:00:00","67.93","0.07","55.68","0.65","clear-night","0","0","1011.24","Clear","67.93","1500789600","10","316","4.03"
"2017-07-23 00:00:00","66.04","0.05","55.95","0.7","clear-night","0","0","1011.2","Clear","66.04","1500793200","10","329","3.16"
"2017-07-23 01:00:00","65.81","0","55.54","0.69","clear-night","0","0","1010.85","Clear","65.81","1500796800","10","313","4.51"
"2017-07-23 02:00:00","64.47","0.02","56.19","0.75","clear-night","0","0","1010.42","Clear","64.47","1500800400","10","316","5.14"
"2017-07-23 03:00:00","64.32","0.02","56.5","0.76","clear-night","0","0","1010.05","Clear","64.32","1500804000","10","309","2.99"
"2017-07-23 04:00:00","63.6","0.04","55.62","0.75","clear-night","0","0","1009.88","Clear","63.6","1500807600","10","313","2.58"
"2017-07-23 05:00:00","62.58","0.04","55.79","0.78","clear-night","0","0","1010.14","Clear","62.58","1500811200","10","317","4.18"
"2017-07-23 06:00:00","61.66","0.09","56.32","0.83","clear-night","0","0","1010.4","Clear","61.66","1500814800","10","305","3.35"
"2017-07-23 07:00:00","61.81","0.09","56.82","0.84","clear-day","0","0","1010.83","Clear","61.81","1500818400","10","278","4.19"
"2017-07-23 08:00:00","65.09","0.16","57.04","0.75","clear-day","0","0","1011.09","Clear","65.09","1500822000","10","306","4.55"
"2017-07-23 09:00:00","67.84","0.16","57.47","0.69","clear-day","0","0","1011.14","Clear","67.84","1500825600","10","337","3.65"
"2017-07-23 10:00:00","70.68","0.16","58.28","0.65","clear-day","0","0","1010.87","Clear","70.68","1500829200","10","330","5"
"2017-07-23 11:00:00","73.13","0.12","56.75","0.57","clear-day","0","0","1010.82","Clear","73.13","1500832800","10","323","5.69"
"2017-07-23 12:00:00","75.68","0.12","56.3","0.51","clear-day","0","0","1010.63","Clear","75.68","1500836400","10","327","7.08"
"2017-07-23 13:00:00","78.08","0.08","55.23","0.45","clear-day","0","0","1010.29","Clear","78.08","1500840000","10","333","8.49"
"2017-07-23 14:00:00","76.94","0.03","58.33","0.53","clear-day","0","0","1009.85","Clear","76.94","1500843600","10","320","11.13"
"2017-07-23 15:00:00","76.98","0.03","57.97","0.52","clear-day","0","0","1009.58","Clear","76.98","1500847200","10","320","12.07"
"2017-07-23 16:00:00","76.23","0.04","56.23","0.5","clear-day","0","0","1009.17","Clear","76.23","1500850800","10","321","12.84"
"2017-07-23 17:00:00","74.58","0.03","57.27","0.55","clear-day","0","0","1008.83","Clear","74.58","1500854400","10","316","11.71"
"2017-07-23 18:00:00","73.25","0.04","55.85","0.55","clear-day","0","0","1008.56","Clear","73.25","1500858000","10","321","10.1"
"2017-07-23 19:00:00","70.73","0.08","56.68","0.61","clear-day","0","0","1008.49","Clear","70.73","1500861600","10","311","10.02"
"2017-07-23 20:00:00","67.49","0.12","56.38","0.68","clear-day","0","0","1008.89","Clear","67.49","1500865200","10","321","8.34"
"2017-07-23 21:00:00","64.44","0.08","55.87","0.74","clear-night","0","0","1009.42","Clear","64.44","1500868800","10","320","7.25"
"2017-07-23 22:00:00","63.12","0.08","56.51","0.79","clear-night","0","0","1010.18","Clear","63.12","1500872400","10","318","6.92"
"2017-07-23 23:00:00","61.52","0.09","56.13","0.82","clear-night","0","0","1010.42","Clear","61.52","1500876000","10","309","5.39"
"2017-07-24 00:00:00","60.75","0.2","56.25","0.85","clear-night","0","0","1010.51","Clear","60.75","1500879600","10","292","4.61"
"2017-07-24 01:00:00","60.13","0.2","55.95","0.86","clear-night","0","0","1010.49","Clear","60.13","1500883200","10","297","5.02"
"2017-07-24 02:00:00","59.72","0.24","55.7","0.87","clear-night","0","0","1010.38","Clear","59.72","1500886800","10","309","3.69"
"2017-07-24 03:00:00","59.85","0.08","55.75","0.86","clear-night","0","0","1010.23","Clear","59.85","1500890400","10","300","3.54"
"2017-07-24 04:00:00","59.5","0.08","55.83","0.88","clear-night","0","0","1010.21","Clear","59.5","1500894000","10","337","4.88"
"2017-07-24 05:00:00","59.2","0.08","54.76","0.85","clear-night","0","0","1010.25","Clear","59.2","1500897600","10","321","2.3"
"2017-07-24 06:00:00","58.99","0.25","54.84","0.86","partly-cloudy-night","0","0","1010.4","Partly Cloudy","58.99","1500901200","10","332","3.18"
"2017-07-24 07:00:00","59.12","0.19","55.35","0.87","clear-day","0","0","1010.94","Clear","59.12","1500904800","10","352","2.94"
"2017-07-24 08:00:00","60.77","0.19","54.92","0.81","clear-day","0","0","1011.32","Clear","60.77","1500908400","10","16","1.37"
"2017-07-24 09:00:00","63.28","0.29","56.23","0.78","partly-cloudy-day","0","0","1011.52","Partly Cloudy","63.28","1500912000","10","345","1.79"
"2017-07-24 10:00:00","66.03","0.13","54.92","0.67","clear-day","0","0","1011.26","Clear","66.03","1500915600","10","359","1.47"
"2017-07-24 11:00:00","69.6","0.1","56.08","0.62","clear-day","0","0","1011.3","Clear","69.6","1500919200","10","347","3.48"
"2017-07-24 12:00:00","72.44","0.13","55.29","0.55","clear-day","0","0","1010.98","Clear","72.44","1500922800","10","349","6.87"
"2017-07-24 13:00:00","75.2","0.1","55.79","0.51","clear-day","0","0","1010.7","Clear","75.2","1500926400","9.69","323","7.39"
"2017-07-24 14:00:00","76.53","0.06","56.45","0.5","clear-day","0","0","1010.38","Clear","76.53","1500930000","10","311","8.95"
"2017-07-24 15:00:00","77.21","0.06","56.56","0.49","clear-day","0","0","1010.01","Clear","77.21","1500933600","10","304","7.19"
"2017-07-24 16:00:00","77.14","0.06","56.42","0.49","clear-day","0","0","1009.65","Clear","77.14","1500937200","10","300","6.45"
"2017-07-24 17:00:00","77.3","0.06","55.57","0.47","clear-day","0","0","1009.63","Clear","77.3","1500940800","10","293","6.9"
"2017-07-24 18:00:00","75.25","0.08","56.21","0.52","clear-day","0","0","1009.37","Clear","75.25","1500944400","10","288","5.45"
"2017-07-24 19:00:00","72.2","0.1","55.47","0.56","clear-day","0","0","1009.66","Clear","72.2","1500948000","10","307","5.03"
"2017-07-24 20:00:00","68.6","0.1","54.77","0.61","clear-day","0","0","1010.26","Clear","68.6","1500951600","10","331","7.64"
"2017-07-24 21:00:00","66.2","0.08","56.3","0.7","clear-night","0","0","1010.84","Clear","66.2","1500955200","10","336","7.84"
"2017-07-24 22:00:00","64.62","0.08","55.68","0.73","clear-night","0","0","1011.75","Clear","64.62","1500958800","10","337","5.67"
"2017-07-24 23:00:00","62.39","0.09","55.02","0.77","clear-night","0","0","1011.98","Clear","62.39","1500962400","10","327","3.37"
"2017-07-25 00:00:00","61.8","0.09","54.96","0.78","clear-night","0","0","1012.35","Clear","61.8","1500966000","10","297","1.55"
"2017-07-25 01:00:00","62.08","0.2","55.73","0.8","clear-night","0","0","1012.48","Clear","62.08","1500969600","10","89","1.36"
"2017-07-25 02:00:00","60.87","0.24","54.59","0.8","clear-night","0","0","1012.54","Clear","60.87","1500973200","10","147","2.92"
"2017-07-25 03:00:00","60.11","0.05","54.95","0.83","clear-night","0","0","1012.44","Clear","60.11","1500976800","10","140","2.95"
"2017-07-25 04:00:00","60.45","0","55.02","0.82","clear-night","0","0","1012.44","Clear","60.45","1500980400","10","125","2.35"
"2017-07-25 05:00:00","60.17","0.07","54.84","0.83","clear-night","0","0","1012.61","Clear","60.17","1500984000","10","138","1.85"
"2017-07-25 06:00:00","60.37","0.29","54.13","0.8","partly-cloudy-night","0","0","1013.09","Partly Cloudy","60.37","1500987600","10","94","0.6"
"2017-07-25 07:00:00","61.62","0.25","55.11","0.79","partly-cloudy-day","0","0","1013.64","Partly Cloudy","61.62","1500991200","10","291","1.1"
"2017-07-25 08:00:00","63.6","0.25","55.7","0.75","partly-cloudy-day","0","0","1014.2","Partly Cloudy","63.6","1500994800","10","130","1.11"
"2017-07-25 09:00:00","64.83","0.26","55.5","0.72","partly-cloudy-day","0","0","1014.47","Partly Cloudy","64.83","1500998400","10","352","2.02"
"2017-07-25 10:00:00","67.12","0.15","55.61","0.67","clear-day","0","0","1014.69","Clear","67.12","1501002000","10","346","4.19"
"2017-07-25 11:00:00","69.65","0.11","56.05","0.62","clear-day","0","0","1014.76","Clear","69.65","1501005600","10","339","5.41"
"2017-07-25 12:00:00","71.86","0.02","54.79","0.55","clear-day","0","0","1014.64","Clear","71.86","1501009200","10","334","6.62"
"2017-07-25 13:00:00","73.65","0.09","56.26","0.55","clear-day","0","0","1014.24","Clear","73.65","1501012800","10","327","8.56"
"2017-07-25 14:00:00","74.97","0.04","57.14","0.54","clear-day","0","0","1013.97","Clear","74.97","1501016400","10","326","11.67"
"2017-07-25 15:00:00","75.46","0.06","56.89","0.53","clear-day","0","0","1013.87","Clear","75.46","1501020000","10","321","12.91"
"2017-07-25 16:00:00","74.9","0.06","57.19","0.54","clear-day","0","0","1013.64","Clear","74.9","1501023600","10","321","13.56"
"2017-07-25 17:00:00","73.78","0.07","56.78","0.55","clear-day","0","0","1013.43","Clear","73.78","1501027200","10","317","11.98"
"2017-07-25 18:00:00","71.86","0.08","57.01","0.6","clear-day","0","0","1013.43","Clear","71.86","1501030800","10","314","11.19"
"2017-07-25 19:00:00","70.46","0.07","57.3","0.63","clear-day","0","0","1013.62","Clear","70.46","1501034400","10","325","10.92"
"2017-07-25 20:00:00","67.5","0.07","57.54","0.7","clear-day","0","0","1014.11","Clear","67.5","1501038000","10","326","10.28"
"2017-07-25 21:00:00","65.1","0.07","57.01","0.75","clear-night","0","0","1014.77","Clear","65.1","1501041600","10","333","8.74"
"2017-07-25 22:00:00","63.62","0.08","56.02","0.76","clear-night","0","0","1015.57","Clear","63.62","1501045200","10","325","6.41"
"2017-07-25 23:00:00","62.61","0.09","56.31","0.8","clear-night","0","0","1015.99","Clear","62.61","1501048800","10","324","6.35"
"2017-07-26 00:00:00","61.72","0.09","56","0.82","clear-night","0","0","1016.2","Clear","61.72","1501052400","10","326","5.65"
"2017-07-26 01:00:00","61.63","0.04","56.1","0.82","clear-night","0","0","1016.24","Clear","61.63","1501056000","10","319","4.39"
"2017-07-26 02:00:00","61.85","0.27","56.34","0.82","partly-cloudy-night","0","0","1016.05","Partly Cloudy","61.85","1501059600","10","311","3.79"
"2017-07-26 03:00:00","61.6","0.16","56.45","0.83","clear-night","0","0","1016.04","Clear","61.6","1501063200","10","310","3.28"
"2017-07-26 04:00:00","61.8","0","56.69","0.83","clear-night","0","0","1016.05","Clear","61.8","1501066800","10","330","5.53"
"2017-07-26 05:00:00","61.96","0.41","56.67","0.83","partly-cloudy-night","0","0","1016.42","Partly Cloudy","61.96","1501070400","10","331","3.51"
"2017-07-26 06:00:00","62.1","","56.57","0.82","clear-night","0","0","1016.9","Clear","62.1","1501074000","10","294","3.32"
"2017-07-26 07:00:00","62.4","0","57.58","0.84","clear-day","0","0","1017.15","Clear","62.4","1501077600","9.92","350","3.09"
"2017-07-26 08:00:00","62.52","","57.44","0.83","clear-day","0","0","1017.52","Clear","62.52","1501081200","9.5","341","4.84"
"2017-07-26 09:00:00","63.42","0.31","56.47","0.78","partly-cloudy-day","0","0","1017.9","Partly Cloudy","63.42","1501084800","9.39","355","3.12"
"2017-07-26 10:00:00","64.8","0.31","56.02","0.73","partly-cloudy-day","0","0","1018.01","Partly Cloudy","64.8","1501088400","9.95","335","4.37"
"2017-07-26 11:00:00","66.24","0.31","57.55","0.74","partly-cloudy-day","0","0","1017.89","Partly Cloudy","66.24","1501092000","10","333","7.94"
"2017-07-26 12:00:00","67.74","0.23","58.27","0.72","clear-day","0","0","1017.63","Clear","67.74","1501095600","10","334","7.74"
"2017-07-26 13:00:00","69.11","0.02","56.69","0.65","clear-day","0","0","1017.36","Clear","69.11","1501099200","10","326","6.99"
"2017-07-26 14:00:00","71.91","0.07","58.72","0.63","clear-day","0","0","1016.67","Clear","71.91","1501102800","10","326","8.59"
"2017-07-26 15:00:00","74.41","0.02","57.59","0.56","clear-day","0","0","1016.06","Clear","74.41","1501106400","10","319","9.13"
"2017-07-26 16:00:00","74.95","0.02","58.11","0.56","clear-day","0","0","1015.54","Clear","74.95","1501110000","10","329","11.24"
"2017-07-26 17:00:00","74.2","0.02","57.76","0.57","clear-day","0","0","1015.18","Clear","74.2","1501113600","10","317","11.16"
"2017-07-26 18:00:00","72.26","0.03","58.42","0.62","clear-day","0","0","1014.85","Clear","72.26","1501117200","10","311","12.56"
"2017-07-26 19:00:00","69.5","0.03","58.52","0.68","clear-day","0","0","1014.84","Clear","69.5","1501120800","10","314","12.33"
"2017-07-26 20:00:00","66.26","0.03","58.35","0.76","clear-day","0","0","1015.09","Clear","66.26","1501124400","10","309","9.53"
"2017-07-26 21:00:00","64.26","0.07","57.67","0.79","clear-night","0","0","1015.47","Clear","64.26","1501128000","10","299","7.63"
"2017-07-26 22:00:00","62.6","0.23","57.4","0.83","clear-night","0","0","1015.77","Clear","62.6","1501131600","10","306","7.6"
"2017-07-26 23:00:00","60.91","0.25","57.37","0.88","partly-cloudy-night","0","0","1016.18","Partly Cloudy","60.91","1501135200","10","310","6.46"
"2017-07-27 00:00:00","60.82","0.17","56.78","0.87","clear-night","0","0","1016.43","Clear","60.82","1501138800","10","298","5.33"
"2017-07-27 01:00:00","60.16","0.2","56.17","0.87","clear-night","0","0","1016.19","Clear","60.16","1501142400","10","291","4.87"
"2017-07-27 02:00:00","60.41","0.25","56.05","0.86","partly-cloudy-night","0","0","1016","Partly Cloudy","60.41","1501146000","9.84","306","3.49"
"2017-07-27 03:00:00","59.87","0.17","55.97","0.87","clear-night","0","0","1015.77","Clear","59.87","1501149600","9.64","299","2.76"
"2017-07-27 04:00:00","59.73","0.08","56.06","0.88","clear-night","0","0","1015.55","Clear","59.73","1501153200","9.5","312","3.19"
"2017-07-27 05:00:00","60.09","0.17","56.51","0.88","clear-night","0","0","1015.58","Clear","60.09","1501156800","9.1","351","2.17"
"2017-07-27 06:00:00","60.06","0","56.58","0.88","clear-night","0","0","1015.79","Clear","60.06","1501160400","7.37","297","2.99"
"2017-07-27 07:00:00","60.24","0","57.38","0.9","clear-day","0","0","1015.94","Clear","60.24","1501164000","6.29","184","1.45"
"2017-07-27 08:00:00","61.73","0.16","57.88","0.87","clear-day","0","0","1016.12","Clear","61.73","1501167600","6.22","99","2.16"
"2017-07-27 09:00:00","63.85","0.27","57.72","0.8","partly-cloudy-day","0","0","1016.33","Partly Cloudy","63.85","1501171200","6.49","351","1.89"
"2017-07-27 10:00:00","66.39","0.16","58.11","0.75","clear-day","0","0","1016.02","Clear","66.39","1501174800","7.48","357","4.5"
"2017-07-27 11:00:00","68.93","0.06","58.47","0.69","clear-day","0","0","1015.8","Clear","68.93","1501178400","9.53","342","5.68"
"2017-07-27 12:00:00","71.94","0.02","58.76","0.63","clear-day","0","0","1015.37","Clear","71.94","1501182000","9.64","329","6.85"
"2017-07-27 13:00:00","74.78","0.02","58.2","0.56","clear-day","0","0","1014.68","Clear","74.78","1501185600","10","326","7.66"
"2017-07-27 14:00:00","78.11","0.02","57.23","0.49","clear-day","0","0","1014.11","Clear","78.11","1501189200","10","326","8.47"
"2017-07-27 15:00:00","80.39","0.02","55.28","0.42","clear-day","0","0","1013.69","Clear","80.38","1501192800","10","331","9.2"
"2017-07-27 16:00:00","79.89","0.02","56.27","0.44","clear-day","0","0","1013.1","Clear","79.89","1501196400","10","318","10.28"
"2017-07-27 17:00:00","78.68","0.02","57.72","0.49","clear-day","0","0","1012.6","Clear","78.68","1501200000","10","321","11.01"
"2017-07-27 18:00:00","75.27","0.02","58.31","0.56","clear-day","0","0","1012.31","Clear","75.27","1501203600","10","321","9.6"
"2017-07-27 19:00:00","73.3","0.02","58.38","0.6","clear-day","0","0","1012.15","Clear","73.3","1501207200","10","314","9.91"
"2017-07-27 20:00:00","70.98","0.02","58.59","0.65","clear-day","0","0","1012.34","Clear","70.98","1501210800","10","312","8.28"
"2017-07-27 21:00:00","67.08","0.02","58.84","0.75","clear-night","0","0","1012.68","Clear","67.08","1501214400","10","312","7.52"
"2017-07-27 22:00:00","65.91","0.02","57.57","0.74","clear-night","0","0","1013.04","Clear","65.91","1501218000","10","300","5.37"
"2017-07-27 23:00:00","64.66","0.02","56.9","0.76","clear-night","0","0","1013.23","Clear","64.66","1501221600","10","298","4.78"
"2017-07-28 00:00:00","63.64","0.02","56.84","0.79","clear-night","0","0","1013.07","Clear","63.64","1501225200","10","297","4.96"
"2017-07-28 01:00:00","62.79","0.02","56.71","0.81","clear-night","0","0","1012.87","Clear","62.79","1501228800","9.95","302","3.98"
"2017-07-28 02:00:00","61.67","0.02","56.7","0.84","clear-night","0","0","1012.79","Clear","61.67","1501232400","9.95","305","5.32"
"2017-07-28 03:00:00","61.42","0.02","56.72","0.85","clear-night","0","0","1012.56","Clear","61.42","1501236000","9.95","292","3.89"
"2017-07-28 04:00:00","60.62","0.02","56.07","0.85","clear-night","0","0","1012.33","Clear","60.62","1501239600","9.95","302","4.3"
"2017-07-28 05:00:00","60.55","0.18","56.15","0.85","clear-night","0","0","1012.46","Clear","60.55","1501243200","9.95","307","3.01"
"2017-07-28 06:00:00","59.89","0.23","55.94","0.87","clear-night","0","0","1012.91","Clear","59.89","1501246800","9.58","297","6.42"
"2017-07-28 07:00:00","60.43","0.18","56.56","0.87","clear-day","0","0","1013.27","Clear","60.43","1501250400","9.13","299","5.28"
"2017-07-28 08:00:00","61.91","0.27","57.02","0.84","partly-cloudy-day","0","0","1013.53","Partly Cloudy","61.91","1501254000","9.07","318","4.66"
"2017-07-28 09:00:00","62.96","0.27","56.81","0.8","partly-cloudy-day","0","0","1013.9","Partly Cloudy","62.96","1501257600","9.02","320","4.94"
"2017-07-28 10:00:00","65.04","0.26","55.87","0.72","partly-cloudy-day","0","0","1014.02","Partly Cloudy","65.04","1501261200","9.53","327","5.99"
"2017-07-28 11:00:00","67.08","0.08","56.34","0.68","clear-day","0","0","1014","Clear","67.08","1501264800","9.88","327","7.45"
"2017-07-28 12:00:00","68.69","0.07","56.93","0.66","clear-day","0","0","1013.98","Clear","68.69","1501268400","10","333","8.66"
"2017-07-28 13:00:00","70.64","0.08","56.18","0.6","clear-day","0","0","1013.57","Clear","70.64","1501272000","10","321","9.79"
"2017-07-28 14:00:00","72.14","0.03","56.46","0.58","clear-day","0","0","1013.18","Clear","72.14","1501275600","10","318","10.8"
"2017-07-28 15:00:00","72.66","0.03","56.61","0.57","clear-day","0","0","1013.09","Clear","72.66","1501279200","10","316","11.32"
"2017-07-28 16:00:00","71.57","0.03","56.45","0.59","clear-day","0","0","1012.84","Clear","71.57","1501282800","10","323","11.81"
"2017-07-28 17:00:00","71.84","0.08","55.37","0.56","clear-day","0","0","1012.65","Clear","71.84","1501286400","10","306","10.15"
"2017-07-28 18:00:00","70.13","0.06","55.9","0.61","clear-day","0","0","1012.54","Clear","70.13","1501290000","10","323","12.11"
"2017-07-28 19:00:00","68.51","0.06","55.69","0.64","clear-day","0","0","1012.66","Clear","68.51","1501293600","9.96","316","9.75"
"2017-07-28 20:00:00","65.31","0.06","56.14","0.72","clear-day","0","0","1012.8","Clear","65.31","1501297200","9.91","315","8.36"
"2017-07-28 21:00:00","63.59","0.07","56.1","0.77","clear-night","0","0","1013.13","Clear","63.59","1501300800","9.96","316","7.11"
"2017-07-28 22:00:00","61.82","0.02","54.97","0.78","clear-night","0","0","1013.61","Clear","61.82","1501304400","9.83","325","5.13"
"2017-07-28 23:00:00","60.31","0.02","54.87","0.82","clear-night","0","0","1013.83","Clear","60.31","1501308000","9.81","328","3.58"
"2017-07-29 00:00:00","59.94","0.09","54.99","0.84","clear-night","0","0","1013.97","Clear","59.94","1501311600","9.87","333","3.71"
"2017-07-29 01:00:00","59.33","0.04","55.25","0.86","clear-night","0","0","1013.88","Clear","59.33","1501315200","9.93","319","2.74"
"2017-07-29 02:00:00","59.08","0.02","54.61","0.85","clear-night","0","0","1013.69","Clear","59.08","1501318800","9.93","315","3.76"
"2017-07-29 03:00:00","58.72","0.02","54.9","0.87","clear-night","0","0","1013.67","Clear","58.72","1501322400","9.75","298","1.54"
"2017-07-29 04:00:00","58.62","0.08","54.91","0.87","clear-night","0","0","1013.71","Clear","58.62","1501326000","9.89","287","2.9"
"2017-07-29 05:00:00","57.99","0.02","54.64","0.89","clear-night","0","0","1013.77","Clear","57.99","1501329600","9.33","279","4.36"
"2017-07-29 06:00:00","57.89","0.29","54.07","0.87","partly-cloudy-night","0","0","1014.14","Partly Cloudy","57.89","1501333200","9.53","261","3.42"
"2017-07-29 07:00:00","58.46","0.19","54.76","0.88","clear-day","0","0","1014.65","Clear","58.46","1501336800","9.39","347","1.46"
"2017-07-29 08:00:00","61","0.19","56.3","0.85","clear-day","0","0","1015.34","Clear","61","1501340400","9.03","239","2.69"
"2017-07-29 09:00:00","62.59","0.26","55.94","0.79","partly-cloudy-day","0","0","1015.84","Partly Cloudy","62.59","1501344000","9.32","306","4.09"
"2017-07-29 10:00:00","65.09","0.12","55.06","0.7","clear-day","0","0","1015.82","Clear","65.09","1501347600","10","320","4.37"
"2017-07-29 11:00:00","67.19","0.1","56.39","0.68","clear-day","0","0","1016","Clear","67.19","1501351200","10","313","6.43"
"2017-07-29 12:00:00","69.67","0.12","55.14","0.6","clear-day","0","0","1015.9","Clear","69.67","1501354800","10","334","7.13"
"2017-07-29 13:00:00","71.88","0.03","56.5","0.58","clear-day","0","0","1015.82","Clear","71.88","1501358400","10","331","8.52"
"2017-07-29 14:00:00","71.65","0.1","56.99","0.6","clear-day","0","0","1015.79","Clear","71.65","1501362000","10","327","11.81"
"2017-07-29 15:00:00","71.84","0.04","55.98","0.57","clear-day","0","0","1015.5","Clear","71.84","1501365600","10","315","10.75"
"2017-07-29 16:00:00","71.42","0.03","57.13","0.61","clear-day","0","0","1015.14","Clear","71.42","1501369200","10","322","13.63"
"2017-07-29 17:00:00","70.67","0.03","56.4","0.61","clear-day","0","0","1014.76","Clear","70.67","1501372800","10","322","13.13"
"2017-07-29 18:00:00","69.03","0.04","55.97","0.63","clear-day","0","0","1014.49","Clear","69.03","1501376400","10","316","10.45"
"2017-07-29 19:00:00","67.61","0.06","55.97","0.66","clear-day","0","0","1014.6","Clear","67.61","1501380000","9.96","321","9.57"
"2017-07-29 20:00:00","64.3","0.06","56.73","0.76","clear-day","0","0","1015.01","Clear","64.3","1501383600","9.91","320","9.38"
"2017-07-29 21:00:00","62.04","0.07","56.26","0.81","clear-night","0","0","1015.59","Clear","62.04","1501387200","9.96","307","7.57"
"2017-07-29 22:00:00","61.05","0.08","55.35","0.82","clear-night","0","0","1016.26","Clear","61.05","1501390800","9.95","305","5.19"
"2017-07-29 23:00:00","60.33","0.25","55.66","0.85","partly-cloudy-night","0","0","1016.52","Partly Cloudy","60.33","1501394400","9.81","318","5.46"
"2017-07-30 00:00:00","59.46","0.17","56.09","0.89","clear-night","0","0","1016.63","Clear","59.46","1501398000","10","323","5.73"
"2017-07-30 01:00:00","59.13","0.05","55.43","0.88","clear-night","0","0","1016.63","Clear","59.13","1501401600","10","330","4.85"
"2017-07-30 02:00:00","58.79","0.05","55.37","0.88","clear-night","0","0","1016.56","Clear","58.79","1501405200","9.87","327","3.22"
"2017-07-30 03:00:00","58.83","0.17","55.33","0.88","clear-night","0","0","1016.44","Clear","58.83","1501408800","9.84","332","3.7"
"2017-07-30 04:00:00","59.25","0.23","55","0.86","clear-night","0","0","1016.38","Clear","59.25","1501412400","9.84","316","1.3"
"2017-07-30 05:00:00","59.33","0.25","54.78","0.85","partly-cloudy-night","0","0","1016.47","Partly Cloudy","59.33","1501416000","9.72","323","0.79"
"2017-07-30 06:00:00","58.34","0.23","53.88","0.85","clear-night","0","0","1016.98","Clear","58.34","1501419600","9.81","178","1.82"
"2017-07-30 07:00:00","58.89","0.28","54.61","0.86","partly-cloudy-day","0","0","1017.69","Partly Cloudy","58.89","1501423200","9.18","136","1.07"
"2017-07-30 08:00:00","60.47","0.25","54.76","0.81","partly-cloudy-day","0","0","1018.27","Partly Cloudy","60.47","1501426800","8.65","321","0.55"
"2017-07-30 09:00:00","62.51","0.06","55.38","0.78","clear-day","0","0","1018.72","Clear","62.51","1501430400","8.67","347","2.55"
"2017-07-30 10:00:00","64.17","0.11","55.92","0.75","clear-day","0","0","1018.79","Clear","64.17","1501434000","9.25","344","3.65"
"2017-07-30 11:00:00","66.11","0.16","56.9","0.72","clear-day","0","0","1018.7","Clear","66.11","1501437600","9.82","335","4.95"
"2017-07-30 12:00:00","68.79","0.06","57.8","0.68","clear-day","0","0","1018.38","Clear","68.79","1501441200","10","350","6.97"
"2017-07-30 13:00:00","72.72","0.03","57.17","0.58","clear-day","0","0","1018","Clear","72.72","1501444800","10","330","7.05"
"2017-07-30 14:00:00","73.77","0.03","57.51","0.57","clear-day","0","0","1017.63","Clear","73.77","1501448400","10","331","8.92"
"2017-07-30 15:00:00","74.37","0.03","58.09","0.57","clear-day","0","0","1017.16","Clear","74.37","1501452000","10","323","10.39"
"2017-07-30 16:00:00","74.37","0.03","58","0.57","clear-day","0","0","1016.62","Clear","74.37","1501455600","10","321","10.99"
"2017-07-30 17:00:00","73.8","0.06","58.76","0.59","clear-day","0","0","1016.23","Clear","73.8","1501459200","10","328","11.88"
"2017-07-30 18:00:00","72.72","0.06","58.75","0.62","clear-day","0","0","1016.03","Clear","72.72","1501462800","10","318","10.15"
"2017-07-30 19:00:00","70.73","0.07","57.85","0.64","clear-day","0","0","1016.26","Clear","70.73","1501466400","10","311","11.43"
"2017-07-30 20:00:00","67.39","0.06","57.79","0.71","clear-day","0","0","1016.51","Clear","67.39","1501470000","10","310","8.78"
"2017-07-30 21:00:00","64.6","0.07","58","0.79","clear-night","0","0","1016.99","Clear","64.6","1501473600","10","309","8.06"
"2017-07-30 22:00:00","62.94","0.07","56.78","0.8","clear-night","0","0","1017.75","Clear","62.94","1501477200","10","308","7.52"
"2017-07-30 23:00:00","61.13","0.25","56.8","0.86","partly-cloudy-night","0","0","1017.91","Partly Cloudy","61.13","1501480800","9.95","324","7.43"
"2017-07-31 00:00:00","60.56","0.17","56.58","0.87","clear-night","0","0","1018.06","Clear","60.56","1501484400","10","317","7.03"
"2017-07-31 01:00:00","60.08","0.05","56.68","0.89","clear-night","0","0","1018.14","Clear","60.08","1501488000","10","333","4.73"
"2017-07-31 02:00:00","59.7","0.25","56.44","0.89","partly-cloudy-night","0","0","1017.95","Partly Cloudy","59.7","1501491600","10","323","2.68"
"2017-07-31 03:00:00","60.1","0.17","56.57","0.88","clear-night","0","0","1017.59","Clear","60.1","1501495200","10","328","2.59"
"2017-07-31 04:00:00","60.67","0","56.72","0.87","clear-night","0","0","1017.61","Clear","60.67","1501498800","9.95","303","3.62"
"2017-07-31 05:00:00","60.35","0.69","56.38","0.87","partly-cloudy-night","0","0","1017.76","Mostly Cloudy","60.35","1501502400","9.89","315","1.5"
"2017-07-31 06:00:00","60.14","0.31","56.08","0.86","partly-cloudy-night","0","0","1017.76","Partly Cloudy","60.14","1501506000","9.76","282","0.7"
"2017-07-31 07:00:00","60.62","0.31","56.69","0.87","partly-cloudy-day","0","0","1017.91","Partly Cloudy","60.62","1501509600","8.74","77","0.51"
"2017-07-31 08:00:00","62.05","0.31","56.76","0.83","partly-cloudy-day","0","0","1018","Partly Cloudy","62.05","1501513200","9.18","32","2.33"
"2017-07-31 09:00:00","63.67","0.28","57.18","0.79","partly-cloudy-day","0","0","1018.08","Partly Cloudy","63.67","1501516800","9.39","246","2.42"
"2017-07-31 10:00:00","65.28","0.15","57.59","0.76","clear-day","0","0","1017.72","Clear","65.28","1501520400","9.9","353","7.16"
"2017-07-31 11:00:00","67.95","0.07","57.66","0.7","clear-day","0","0","1017.68","Clear","67.95","1501524000","10","340","6.54"
"2017-07-31 12:00:00","69.83","0.03","57.95","0.66","clear-day","0","0","1017.35","Clear","69.83","1501527600","10","337","7.49"
"2017-07-31 13:00:00","72.14","0.06","58.04","0.61","clear-day","0","0","1016.75","Clear","72.14","1501531200","10","328","9.06"
"2017-07-31 14:00:00","74.25","0.02","57.12","0.55","clear-day","0","0","1016.12","Clear","74.25","1501534800","10","320","9.69"
"2017-07-31 15:00:00","74.63","0.08","56.28","0.53","clear-day","0","0","1015.58","Clear","74.63","1501538400","10","318","10.5"
"2017-07-31 16:00:00","74.64","0.03","57.39","0.55","clear-day","0","0","1015.02","Clear","74.64","1501542000","10","329","12"
"2017-07-31 17:00:00","74.57","0.04","55.36","0.51","clear-day","0","0","1014.69","Clear","74.57","1501545600","10","319","10.4"
"2017-07-31 18:00:00","72.58","0.03","54.2","0.53","clear-day","0","0","1014.54","Clear","72.58","1501549200","10","316","12.23"
"2017-07-31 19:00:00","69.44","0","55.79","0.62","clear-day","0","0","1014.44","Clear","69.44","1501552800","10","319","9.67"
"2017-07-31 20:00:00","66.15","0","55.68","0.69","clear-day","0","0","1014.77","Clear","66.15","1501556400","10","310","9.38"
"2017-07-31 21:00:00","63.26","0","55.56","0.76","clear-night","0","0","1015.05","Clear","63.26","1501560000","10","308","7.28"
"2017-07-31 22:00:00","62.04","0","54.97","0.78","clear-night","0","0","1015.27","Clear","62.04","1501563600","10","301","7.31"
"2017-07-31 23:00:00","60.8","0.02","55.48","0.83","clear-night","0","0","1015.14","Clear","60.8","1501567200","10","301","5.12"
